RANK	SEED_MOTIF	CLUSTER	SOURCE	ID	ALT_ID	CONSENSUS	WIDTH	SITES	SEA_PVALUE	EVALUE	EVALUE_ACC	SIM_SOURCE	SIM_MOTIF	MOTIF_URL
1	1	1	STREME	1-UWUGAWUGU	STREME-1	UWUGAWUGU	9	1108	1.43e-104	7.19e-012	1	motifs.meme	1 (GAAUGU)	 
2	0	1	MEME	UWUGAAUGUA	MEME-1	UWUGAAUGUA	10	682	6.34e-091	1.00e-079	1	motifs.meme	1 (GAAUGU)	 
3	0	1	motifs.meme	1	GAAUGU	GAAUGU	6	604	3.43e-059	9.25e-058	1	motifs.meme	1	 
4	1	2	STREME	4-GAGAGAAACC	STREME-4	GAGAGAAACC	10	149	5.39e-026	1.80e-001	1	motifs.meme	1 (GAAUGU)	 
5	1	3	MEME	CAAUGUGGUA	MEME-6	CAAUGUGGUA	10	86	2.23e-019	6.60e-006	1	motifs.meme	1 (GAAUGU)	 
6	0	3	STREME	2-ARUGUGGUAA	STREME-2	ARUGUGGUAA	10	117	2.85e-019	3.87e-002	1	motifs.meme	1 (GAAUGU)	 
7	0	2	MEME	GGAGAGAAAC	MEME-2	GGAGAGAAAC	10	156	5.97e-019	8.20e-023	1	motifs.meme	1 (GAAUGU)	 
8	1	4	MEME	GAACWCAUAC	MEME-5	GAACWCAUAC	10	78	9.44e-011	4.30e-008	1	motifs.meme	1 (GAAUGU)	 
9	1	5	STREME	8-GGGGYGGGGR	STREME-8	GGGGYGGGGR	10	65	1.08e-010	6.91e-001	1	motifs.meme	1 (GAAUGU)	 
10	1	6	STREME	3-GCCUUUGCAM	STREME-3	GCCUUUGCAM	10	88	1.08e-010	1.12e-001	1	motifs.meme	1 (GAAUGU)	 
11	0	4	STREME	10-MGAACACAUA	STREME-10	10-MGAACACAUA	10	80	5.42e-009	1.24e+000	1	motifs.meme	1 (GAAUGU)	 
12	0	6	MEME	AAGCCUUUGC	MEME-4	AAGCCUUUGC	10	82	1.42e-008	1.90e-017	1	motifs.meme	1 (GAAUGU)	 
13	1	7	STREME	9-GAGGAGGMG	STREME-9	GAGGAGGMG	9	168	2.45e-007	7.42e-001	1	motifs.meme	1 (GAAUGU)	 
14	1	8	STREME	12-GAAGAUGA	STREME-12	12-GAAGAUGA	8	83	1.01e-006	3.74e+000	1	motifs.meme	1 (GAAUGU)	 
15	0	4	STREME	7-AAAUACAUAA	STREME-7	AAAUACAUAA	10	53	3.78e-006	6.91e-001	1	motifs.meme	1 (GAAUGU)	 
16	1	9	STREME	18-UWUWUAUUUU	STREME-18	18-UWUWUAUUUU	10	152	4.82e-006	1.49e+001	1	motifs.meme	1 (GAAUGU)	 
17	1	10	STREME	5-CACCGACA	STREME-5	CACCGACA	8	368	2.24e-004	5.76e-001	1	motifs.meme	1 (GAAUGU)	 
18	1	11	STREME	11-CAUCGU	STREME-11	11-CAUCGU	6	978	4.29e-004	1.60e+000	1	motifs.meme	1 (GAAUGU)	 
19	0	9	MEME	UUUUDUUUUU	MEME-3	UUUUDUUUUU	10	322	8.39e-004	3.80e-026	1	motifs.meme	1 (GAAUGU)	 
20	1	12	STREME	14-CUACAAGAC	STREME-14	14-CUACAAGAC	9	55	2.92e-003	1.00e+001	1	motifs.meme	1 (GAAUGU)	 
21	1	13	STREME	17-GCAGCAG	STREME-17	17-GCAGCAG	7	290	1.53e-002	1.15e+001	1	motifs.meme	1 (GAAUGU)	 
22	1	14	STREME	13-CGGCGGCSGC	STREME-13	13-CGGCGGCSGC	10	70	1.54e-002	5.06e+000	1	motifs.meme	1 (GAAUGU)	 
23	1	15	STREME	15-ACGCUGCU	STREME-15	15-ACGCUGCU	8	82	1.60e-002	1.00e+001	1	motifs.meme	1 (GAAUGU)	 
24	1	16	STREME	6-CAUCCCCA	STREME-6	CAUCCCCA	8	184	5.15e-002	6.38e-001	1	motifs.meme	1 (GAAUGU)	 
25	1	17	STREME	19-CCUGUGGAGM	STREME-19	19-CCUGUGGAGM	10	111	1.40e-001	1.55e+001	1	motifs.meme	1 (GAAUGU)	 
26	1	18	STREME	20-UUACACUA	STREME-20	20-UUACACUA	8	49	2.37e-001	1.55e+001	1	motifs.meme	1 (GAAUGU)	 
27	1	19	STREME	16-GUCUCUGG	STREME-16	16-GUCUCUGG	8	47	4.33e-001	1.00e+001	1	motifs.meme	1 (GAAUGU)	 

# XSTREME (Motif Discovery and Enrichment Analysis): Version 5.5.4 released on Fri Jun 16 12:19:08 2023 -0700
# The format of this file is described at https://meme-suite.org/meme/doc/xstreme-output-format.html
# xstreme --oc . --time 240 --streme-totallength 4000000 --meme-searchsize 100000 --rna --evt 0.05 --minw 5 --maxw 10 --align center --streme-nmotifs 20 --meme-mod zoops --m motifs.meme --p mirBS_50_both_sides_transcripts.fasta
