"ID","Species(miRNA)","Species(Target)","miRNA","Target","Reporter assay","Western blot","qPCR","Microarray","NGS","pSILAC","Other","CLIP-Seq","Sum","Number of paper"
"MIRT752260","mmu","mmu","mmu-miR-181d","Ap1g1","0","0","0","0","0","0","0","1","1","1"
"MIRT752261","mmu","mmu","mmu-miR-181a","Ap1g1","0","0","0","0","0","0","0","1","1","1"
"MIRT752262","mmu","mmu","mmu-miR-181c","Ap1g1","0","0","0","0","0","0","0","1","1","1"
"MIRT752263","mmu","mmu","mmu-miR-181b","Ap1g1","0","0","0","0","0","0","0","1","1","1"
"MIRT746723","mmu","mmu","mmu-miR-181c","Aqp3","0","0","0","0","0","0","0","1","1","2"
"MIRT746724","mmu","mmu","mmu-miR-181d","Aqp3","0","0","0","0","0","0","0","1","1","2"
"MIRT746725","mmu","mmu","mmu-miR-181b","Aqp3","0","0","0","0","0","0","0","1","1","2"
"MIRT746726","mmu","mmu","mmu-miR-181a","Aqp3","0","0","0","0","0","0","0","1","1","2"
"MIRT750537","mmu","mmu","mmu-miR-181a","Atp2a2","0","0","0","0","0","0","0","1","1","1"
"MIRT750538","mmu","mmu","mmu-miR-181b","Atp2a2","0","0","0","0","0","0","0","1","1","1"
"MIRT750539","mmu","mmu","mmu-miR-181c","Atp2a2","0","0","0","0","0","0","0","1","1","1"
"MIRT750540","mmu","mmu","mmu-miR-181d","Atp2a2","0","0","0","0","0","0","0","1","1","1"
"MIRT749489","mmu","mmu","mmu-miR-181d","Ebf3","0","0","0","0","0","0","0","1","1","1"
"MIRT749490","mmu","mmu","mmu-miR-181c","Ebf3","0","0","0","0","0","0","0","1","1","1"
"MIRT749491","mmu","mmu","mmu-miR-181b","Ebf3","0","0","0","0","0","0","0","1","1","1"
"MIRT749492","mmu","mmu","mmu-miR-181a","Ebf3","0","0","0","0","0","0","0","1","1","1"
"MIRT748171","mmu","mmu","mmu-miR-181c","H2-D1","0","0","0","0","0","0","0","1","1","1"
"MIRT748172","mmu","mmu","mmu-miR-181d","H2-D1","0","0","0","0","0","0","0","1","1","1"
"MIRT748173","mmu","mmu","mmu-miR-181a","H2-D1","0","0","0","0","0","0","0","1","1","1"
"MIRT748174","mmu","mmu","mmu-miR-181b","H2-D1","0","0","0","0","0","0","0","1","1","1"
"MIRT753388","mmu","mmu","mmu-miR-181c","Magea5","0","0","0","0","0","0","0","1","1","1"
"MIRT753389","mmu","mmu","mmu-miR-181a","Magea5","0","0","0","0","0","0","0","1","1","1"
"MIRT753390","mmu","mmu","mmu-miR-181b","Magea5","0","0","0","0","0","0","0","1","1","1"
"MIRT753391","mmu","mmu","mmu-miR-181d","Magea5","0","0","0","0","0","0","0","1","1","1"
"MIRT751022","mmu","mmu","mmu-miR-181d","Rad51l3","0","0","0","0","0","0","0","1","1","1"
"MIRT751023","mmu","mmu","mmu-miR-181a","Rad51l3","0","0","0","0","0","0","0","1","1","1"
"MIRT751024","mmu","mmu","mmu-miR-181c","Rad51l3","0","0","0","0","0","0","0","1","1","1"
"MIRT751025","mmu","mmu","mmu-miR-181b","Rad51l3","0","0","0","0","0","0","0","1","1","1"
"MIRT745073","mmu","mmu","mmu-miR-181b","Smarca4","0","0","0","0","0","0","0","1","1","5"
"MIRT745074","mmu","mmu","mmu-miR-181d","Smarca4","0","0","0","0","0","0","0","1","1","5"
"MIRT745075","mmu","mmu","mmu-miR-181a","Smarca4","0","0","0","0","0","0","0","1","1","5"
"MIRT745076","mmu","mmu","mmu-miR-181c","Smarca4","0","0","0","0","0","0","0","1","1","5"
"MIRT753021","mmu","mmu","mmu-miR-181d","Spp1","0","0","0","0","0","0","0","1","1","1"
"MIRT753022","mmu","mmu","mmu-miR-181b","Spp1","0","0","0","0","0","0","0","1","1","1"
"MIRT753023","mmu","mmu","mmu-miR-181a","Spp1","0","0","0","0","0","0","0","1","1","1"
"MIRT753024","mmu","mmu","mmu-miR-181c","Spp1","0","0","0","0","0","0","0","1","1","1"
"MIRT753544","mmu","mmu","mmu-miR-181d","Tulp3","0","0","0","0","0","0","0","1","1","1"
"MIRT753545","mmu","mmu","mmu-miR-181c","Tulp3","0","0","0","0","0","0","0","1","1","1"
"MIRT753546","mmu","mmu","mmu-miR-181a","Tulp3","0","0","0","0","0","0","0","1","1","1"
"MIRT753547","mmu","mmu","mmu-miR-181b","Tulp3","0","0","0","0","0","0","0","1","1","1"
"MIRT743117","mmu","mmu","mmu-miR-181a","Ikzf2","0","0","0","0","0","0","0","1","1","2"
"MIRT743118","mmu","mmu","mmu-miR-181b","Ikzf2","0","0","0","0","0","0","0","1","1","2"
"MIRT743119","mmu","mmu","mmu-miR-181c","Ikzf2","0","0","0","0","0","0","0","1","1","2"
"MIRT743120","mmu","mmu","mmu-miR-181d","Ikzf2","0","0","0","0","0","0","0","1","1","2"
"MIRT742728","mmu","mmu","mmu-miR-181c","Ms4a4c","0","0","0","0","0","0","0","1","1","3"
"MIRT742729","mmu","mmu","mmu-miR-181d","Ms4a4c","0","0","0","0","0","0","0","1","1","3"
"MIRT742730","mmu","mmu","mmu-miR-181b","Ms4a4c","0","0","0","0","0","0","0","1","1","3"
"MIRT742731","mmu","mmu","mmu-miR-181a","Ms4a4c","0","0","0","0","0","0","0","1","1","3"
"MIRT749524","mmu","mmu","mmu-miR-181d","Nacc1","0","0","0","0","0","0","0","1","1","1"
"MIRT749525","mmu","mmu","mmu-miR-181a","Nacc1","0","0","0","0","0","0","0","1","1","1"
"MIRT749526","mmu","mmu","mmu-miR-181b","Nacc1","0","0","0","0","0","0","0","1","1","1"
"MIRT749527","mmu","mmu","mmu-miR-181c","Nacc1","0","0","0","0","0","0","0","1","1","1"
"MIRT748368","mmu","mmu","mmu-miR-181a","Lnp","0","0","0","0","0","0","0","1","1","2"
"MIRT748369","mmu","mmu","mmu-miR-181b","Lnp","0","0","0","0","0","0","0","1","1","2"
"MIRT748370","mmu","mmu","mmu-miR-181c","Lnp","0","0","0","0","0","0","0","1","1","2"
"MIRT748371","mmu","mmu","mmu-miR-181d","Lnp","0","0","0","0","0","0","0","1","1","2"
"MIRT745439","mmu","mmu","mmu-miR-181d","Zfp689","0","0","0","0","0","0","0","1","1","1"
"MIRT745440","mmu","mmu","mmu-miR-181c","Zfp689","0","0","0","0","0","0","0","1","1","1"
"MIRT745441","mmu","mmu","mmu-miR-181b","Zfp689","0","0","0","0","0","0","0","1","1","1"
"MIRT745442","mmu","mmu","mmu-miR-181a","Zfp689","0","0","0","0","0","0","0","1","1","1"
"MIRT752824","mmu","mmu","mmu-miR-181a","Osbpl3","0","0","0","0","0","0","0","1","1","1"
"MIRT752825","mmu","mmu","mmu-miR-181c","Osbpl3","0","0","0","0","0","0","0","1","1","1"
"MIRT752826","mmu","mmu","mmu-miR-181d","Osbpl3","0","0","0","0","0","0","0","1","1","1"
"MIRT752827","mmu","mmu","mmu-miR-181b","Osbpl3","0","0","0","0","0","0","0","1","1","1"
"MIRT743522","mmu","mmu","mmu-miR-181a","4930563E22Rik","0","0","0","0","0","0","0","1","1","1"
"MIRT743523","mmu","mmu","mmu-miR-181d","4930563E22Rik","0","0","0","0","0","0","0","1","1","1"
"MIRT743524","mmu","mmu","mmu-miR-181b","4930563E22Rik","0","0","0","0","0","0","0","1","1","1"
"MIRT743525","mmu","mmu","mmu-miR-181c","4930563E22Rik","0","0","0","0","0","0","0","1","1","1"
"MIRT750709","mmu","mmu","mmu-miR-181c","Fam122b","0","0","0","0","0","0","0","1","1","1"
"MIRT750710","mmu","mmu","mmu-miR-181d","Fam122b","0","0","0","0","0","0","0","1","1","1"
"MIRT750711","mmu","mmu","mmu-miR-181b","Fam122b","0","0","0","0","0","0","0","1","1","1"
"MIRT750712","mmu","mmu","mmu-miR-181a","Fam122b","0","0","0","0","0","0","0","1","1","1"
"MIRT751188","mmu","mmu","mmu-miR-181b","Trim2","0","0","0","0","0","0","0","1","1","1"
"MIRT751189","mmu","mmu","mmu-miR-181a","Trim2","0","0","0","0","0","0","0","1","1","1"
"MIRT751190","mmu","mmu","mmu-miR-181c","Trim2","0","0","0","0","0","0","0","1","1","1"
"MIRT751191","mmu","mmu","mmu-miR-181d","Trim2","0","0","0","0","0","0","0","1","1","1"
"MIRT752962","mmu","mmu","mmu-miR-181a","Sgpp1","0","0","0","0","0","0","0","1","1","1"
"MIRT752963","mmu","mmu","mmu-miR-181b","Sgpp1","0","0","0","0","0","0","0","1","1","1"
"MIRT752964","mmu","mmu","mmu-miR-181d","Sgpp1","0","0","0","0","0","0","0","1","1","1"
"MIRT752965","mmu","mmu","mmu-miR-181c","Sgpp1","0","0","0","0","0","0","0","1","1","1"
"MIRT746121","mmu","mmu","mmu-miR-181a","Clmn","0","0","0","0","0","0","0","1","1","1"
"MIRT746122","mmu","mmu","mmu-miR-181c","Clmn","0","0","0","0","0","0","0","1","1","1"
"MIRT746123","mmu","mmu","mmu-miR-181b","Clmn","0","0","0","0","0","0","0","1","1","1"
"MIRT746124","mmu","mmu","mmu-miR-181d","Clmn","0","0","0","0","0","0","0","1","1","1"
"MIRT746060","mmu","mmu","mmu-miR-181c","Adamts9","0","0","0","0","0","0","0","1","1","2"
"MIRT746061","mmu","mmu","mmu-miR-181d","Adamts9","0","0","0","0","0","0","0","1","1","2"
"MIRT746062","mmu","mmu","mmu-miR-181b","Adamts9","0","0","0","0","0","0","0","1","1","2"
"MIRT746063","mmu","mmu","mmu-miR-181a","Adamts9","0","0","0","0","0","0","0","1","1","2"
"MIRT743712","mmu","mmu","mmu-miR-181d","BC031781","0","0","0","0","0","0","0","1","1","3"
"MIRT743713","mmu","mmu","mmu-miR-181a","BC031781","0","0","0","0","0","0","0","1","1","3"
"MIRT743714","mmu","mmu","mmu-miR-181c","BC031781","0","0","0","0","0","0","0","1","1","3"
"MIRT743715","mmu","mmu","mmu-miR-181b","BC031781","0","0","0","0","0","0","0","1","1","3"
"MIRT746281","mmu","mmu","mmu-miR-181c","Itpk1","0","0","0","0","0","0","0","1","1","1"
"MIRT746282","mmu","mmu","mmu-miR-181b","Itpk1","0","0","0","0","0","0","0","1","1","1"
"MIRT746283","mmu","mmu","mmu-miR-181a","Itpk1","0","0","0","0","0","0","0","1","1","1"
"MIRT746284","mmu","mmu","mmu-miR-181d","Itpk1","0","0","0","0","0","0","0","1","1","1"
"MIRT742695","mmu","mmu","mmu-miR-181b","Fam160b2","0","0","0","0","0","0","0","1","1","5"
"MIRT742696","mmu","mmu","mmu-miR-181c","Fam160b2","0","0","0","0","0","0","0","1","1","5"
"MIRT742697","mmu","mmu","mmu-miR-181d","Fam160b2","0","0","0","0","0","0","0","1","1","5"
"MIRT742698","mmu","mmu","mmu-miR-181a","Fam160b2","0","0","0","0","0","0","0","1","1","5"
"MIRT751653","mmu","mmu","mmu-miR-181b","Fam69c","0","0","0","0","0","0","0","1","1","1"
"MIRT751654","mmu","mmu","mmu-miR-181a","Fam69c","0","0","0","0","0","0","0","1","1","1"
"MIRT751655","mmu","mmu","mmu-miR-181c","Fam69c","0","0","0","0","0","0","0","1","1","1"
"MIRT751656","mmu","mmu","mmu-miR-181d","Fam69c","0","0","0","0","0","0","0","1","1","1"
"MIRT752320","mmu","mmu","mmu-miR-181a","Bnc2","0","0","0","0","0","0","0","1","1","1"
"MIRT752321","mmu","mmu","mmu-miR-181d","Bnc2","0","0","0","0","0","0","0","1","1","1"
"MIRT752322","mmu","mmu","mmu-miR-181b","Bnc2","0","0","0","0","0","0","0","1","1","1"
"MIRT752323","mmu","mmu","mmu-miR-181c","Bnc2","0","0","0","0","0","0","0","1","1","1"
"MIRT749763","mmu","mmu","mmu-miR-181c","Ptchd2","0","0","0","0","0","0","0","1","1","2"
"MIRT749764","mmu","mmu","mmu-miR-181a","Ptchd2","0","0","0","0","0","0","0","1","1","2"
"MIRT749765","mmu","mmu","mmu-miR-181d","Ptchd2","0","0","0","0","0","0","0","1","1","2"
"MIRT749766","mmu","mmu","mmu-miR-181b","Ptchd2","0","0","0","0","0","0","0","1","1","2"
"MIRT753035","mmu","mmu","mmu-miR-181a","Stk32a","0","0","0","0","0","0","0","1","1","1"
"MIRT753036","mmu","mmu","mmu-miR-181b","Stk32a","0","0","0","0","0","0","0","1","1","1"
"MIRT753037","mmu","mmu","mmu-miR-181d","Stk32a","0","0","0","0","0","0","0","1","1","1"
"MIRT753038","mmu","mmu","mmu-miR-181c","Stk32a","0","0","0","0","0","0","0","1","1","1"
"MIRT742989","mmu","mmu","mmu-miR-181d","Dagla","0","0","0","0","0","0","0","1","1","1"
"MIRT742990","mmu","mmu","mmu-miR-181c","Dagla","0","0","0","0","0","0","0","1","1","1"
"MIRT742991","mmu","mmu","mmu-miR-181b","Dagla","0","0","0","0","0","0","0","1","1","1"
"MIRT742992","mmu","mmu","mmu-miR-181a","Dagla","0","0","0","0","0","0","0","1","1","1"
"MIRT746954","mmu","mmu","mmu-miR-181b","Gpd1l","0","0","0","0","0","0","0","1","1","1"
"MIRT746955","mmu","mmu","mmu-miR-181c","Gpd1l","0","0","0","0","0","0","0","1","1","1"
"MIRT746956","mmu","mmu","mmu-miR-181d","Gpd1l","0","0","0","0","0","0","0","1","1","1"
"MIRT746957","mmu","mmu","mmu-miR-181a","Gpd1l","0","0","0","0","0","0","0","1","1","1"
"MIRT742658","mmu","mmu","mmu-miR-181a","Arhgef15","0","0","0","0","0","0","0","1","1","4"
"MIRT742659","mmu","mmu","mmu-miR-181d","Arhgef15","0","0","0","0","0","0","0","1","1","4"
"MIRT742660","mmu","mmu","mmu-miR-181c","Arhgef15","0","0","0","0","0","0","0","1","1","4"
"MIRT742661","mmu","mmu","mmu-miR-181b","Arhgef15","0","0","0","0","0","0","0","1","1","4"
"MIRT006311","mmu","mmu","mmu-miR-181a-5p","Cbx7","1","0","0","0","1","0","0","0","2","1"
"MIRT004824","mmu","mmu","mmu-miR-181a-5p","Hoxa","1","1","0","0","0","0","1","0","3","1"
"MIRT584604","mmu","mmu","mmu-miR-181a-5p","","0","0","0","0","1","0","0","0","1","3"
"MIRT584880","mmu","mmu","mmu-miR-181a-5p","Ap1g1","0","0","0","0","1","0","0","0","1","1"
"MIRT591488","mmu","mmu","mmu-miR-181a-5p","Aqp3","0","0","0","0","1","0","0","0","1","2"
"MIRT590594","mmu","mmu","mmu-miR-181a-5p","Atp2a2","0","0","0","0","1","0","0","0","1","1"
"MIRT594982","mmu","mmu","mmu-miR-181a-5p","Ebf3","0","0","0","0","1","0","0","0","1","1"
"MIRT598729","mmu","mmu","mmu-miR-181a-5p","H2-D1","0","0","0","0","1","0","0","0","1","1"
"MIRT578326","mmu","mmu","mmu-miR-181a-5p","Magea5","0","0","0","0","1","0","0","0","1","1"
"MIRT589133","mmu","mmu","mmu-miR-181a-5p","Rad51d","0","0","0","0","1","0","0","0","1","1"
"MIRT577182","mmu","mmu","mmu-miR-181a-5p","Smarca4","0","0","0","0","1","0","0","0","1","5"
"MIRT577426","mmu","mmu","mmu-miR-181a-5p","Tulp3","0","0","0","0","1","0","0","0","1","1"
"MIRT589795","mmu","mmu","mmu-miR-181a-5p","Ikzf2","0","0","0","0","1","0","0","0","1","2"
"MIRT591185","mmu","mmu","mmu-miR-181a-5p","Ms4a4c","0","0","0","0","1","0","0","0","1","3"
"MIRT594857","mmu","mmu","mmu-miR-181a-5p","Nacc1","0","0","0","0","1","0","0","0","1","1"
"MIRT582655","mmu","mmu","mmu-miR-181a-5p","Lnp","0","0","0","0","1","0","0","0","1","2"
"MIRT596591","mmu","mmu","mmu-miR-181a-5p","Zfp689","0","0","0","0","1","0","0","0","1","1"
"MIRT582050","mmu","mmu","mmu-miR-181a-5p","Osbpl3","0","0","0","0","1","0","0","0","1","1"
"MIRT600004","mmu","mmu","mmu-miR-181a-5p","4930563E22Rik","0","0","0","0","1","0","0","0","1","1"
"MIRT583690","mmu","mmu","mmu-miR-181a-5p","Fam122b","0","0","0","0","1","0","0","0","1","1"
"MIRT581072","mmu","mmu","mmu-miR-181a-5p","Sgpp1","0","0","0","0","1","0","0","0","1","1"
"MIRT605136","mmu","mmu","mmu-miR-181a-5p","Clmn","0","0","0","0","1","0","0","0","1","1"
"MIRT592857","mmu","mmu","mmu-miR-181a-5p","Adamts9","0","0","0","0","1","0","0","0","1","2"
"MIRT598536","mmu","mmu","mmu-miR-181a-5p","Itpk1","0","0","0","0","1","0","0","0","1","1"
"MIRT583658","mmu","mmu","mmu-miR-181a-5p","Fam160b2","0","0","0","0","1","0","0","0","1","5"
"MIRT587222","mmu","mmu","mmu-miR-181a-5p","Fam69c","0","0","0","0","1","0","0","0","1","1"
"MIRT584582","mmu","mmu","mmu-miR-181a-5p","Bnc2","0","0","0","0","1","0","0","0","1","1"
"MIRT586226","mmu","mmu","mmu-miR-181a-5p","Ptchd2","0","0","0","0","1","0","0","0","1","2"
"MIRT606008","mmu","mmu","mmu-miR-181a-5p","Dagla","0","0","0","0","1","0","0","0","1","1"
"MIRT603963","mmu","mmu","mmu-miR-181a-5p","Gpd1l","0","0","0","0","1","0","0","0","1","1"
"MIRT579349","mmu","mmu","mmu-miR-181a-5p","Arhgef15","0","0","0","0","1","0","0","0","1","4"
"MIRT580761","mmu","mmu","mmu-miR-181a-5p","Spp1","1","0","1","0","1","0","0","0","3","1"
"MIRT732933","mmu","mmu","mmu-miR-181a-5p","Carm1","1","1","1","0","0","0","0","0","3","0"
"MIRT053146","mmu","mmu","mmu-miR-181a-5p","Xiap","1","0","0","0","0","0","0","0","1","1"
"MIRT053147","mmu","mmu","mmu-miR-181a-5p","Mecp2","1","0","0","0","0","0","0","0","1","1"
"MIRT007371","mmu","mmu","mmu-miR-181a-5p","Acvr2a","1","1","1","0","1","0","0","0","4","2"
"MIRT001684","mmu","mmu","mmu-miR-181a-5p","Bcl2","1","0","0","1","1","0","1","0","4","2"
"MIRT003910","mmu","mmu","mmu-miR-181a-5p","Runx1","1","0","0","1","0","0","1","0","3","1"
"MIRT001686","mmu","mmu","mmu-miR-181a-5p","Cd69","1","0","0","1","0","0","1","0","3","1"
"MIRT003908","mmu","mmu","mmu-miR-181a-5p","Egr1","1","0","0","1","0","0","1","0","3","1"
"MIRT007334","mmu","mmu","mmu-miR-181a-5p","Gata6","1","0","0","0","0","0","0","0","1","1"
"MIRT054235","mmu","mmu","mmu-miR-181a-5p","Il1a","1","1","1","0","0","0","0","0","3","1"
"MIRT006836","mmu","mmu","mmu-miR-181a-5p","Msx2","1","1","1","0","0","0","0","0","3","1"
"MIRT007333","mmu","mmu","mmu-miR-181a-5p","Rgs4","1","0","0","0","0","0","0","0","1","1"
"MIRT007332","mmu","mmu","mmu-miR-181a-5p","Tbr1","1","1","0","0","0","0","0","0","2","1"
"MIRT003907","mmu","mmu","mmu-miR-181a-5p","Tcra","1","0","0","1","0","0","0","0","2","1"
"MIRT007331","mmu","mmu","mmu-miR-181a-5p","Tgfbi","1","1","0","0","0","0","0","0","2","1"
"MIRT003909","mmu","mmu","mmu-miR-181a-5p","Tox","1","0","0","1","0","0","1","0","3","1"
"MIRT053012","mmu","hsa","mmu-miR-181a-5p","BCL2L11","0","0","1","0","0","0","0","0","1","1"
"MIRT014056","mmu","mmu","mmu-miR-181a-5p","Hoxa11","1","0","0","0","0","0","0","0","1","1"
"MIRT014301","mmu","mmu","mmu-miR-181a-5p","Macf1","0","0","0","0","1","0","0","0","1","1"
"MIRT014059","mmu","mmu","mmu-miR-181a-5p","Acvr1b","0","0","0","0","1","0","0","0","1","1"
"MIRT014412","mmu","mmu","mmu-miR-181a-5p","Adam11","0","0","0","0","1","0","0","0","1","1"
"MIRT014313","mmu","mmu","mmu-miR-181a-5p","Adam22","0","0","0","0","1","0","0","0","1","1"
"MIRT014322","mmu","mmu","mmu-miR-181a-5p","Adam9","0","0","0","0","1","0","0","0","1","1"
"MIRT014136","mmu","mmu","mmu-miR-181a-5p","Aldh3a2","0","0","0","0","1","0","0","0","1","1"
"MIRT014346","mmu","mmu","mmu-miR-181a-5p","Ank1","0","0","0","0","1","0","0","0","1","1"
"MIRT014187","mmu","mmu","mmu-miR-181a-5p","Ank3","0","0","0","0","1","0","0","0","1","1"
"MIRT014167","mmu","mmu","mmu-miR-181a-5p","Apba2","0","0","0","0","1","0","0","0","1","1"
"MIRT014095","mmu","mmu","mmu-miR-181a-5p","Aplp2","0","0","0","0","1","0","0","0","1","1"
"MIRT014221","mmu","mmu","mmu-miR-181a-5p","Aqp4","0","0","0","0","1","0","0","0","1","1"
"MIRT014093","mmu","mmu","mmu-miR-181a-5p","Arf2","0","0","0","0","1","0","0","0","1","1"
"MIRT014319","mmu","mmu","mmu-miR-181a-5p","Astn1","0","0","0","0","1","0","0","0","1","1"
"MIRT014236","mmu","mmu","mmu-miR-181a-5p","Atp2b2","0","0","0","0","1","0","0","0","1","1"
"MIRT014296","mmu","mmu","mmu-miR-181a-5p","Atp6v1a","0","0","0","0","1","0","0","0","1","1"
"MIRT014158","mmu","mmu","mmu-miR-181a-5p","Bach1","0","0","0","0","1","0","0","0","1","1"
"MIRT014041","mmu","mmu","mmu-miR-181a-5p","Bicd1","0","0","0","0","1","0","0","0","1","1"
"MIRT014033","mmu","mmu","mmu-miR-181a-5p","Cab39","0","0","0","0","1","0","0","0","1","1"
"MIRT014284","mmu","mmu","mmu-miR-181a-5p","Cacna1e","0","0","0","0","1","0","0","0","1","1"
"MIRT014088","mmu","mmu","mmu-miR-181a-5p","Car2","0","0","0","0","1","0","0","0","1","1"
"MIRT014426","mmu","mmu","mmu-miR-181a-5p","Entpd6","0","0","0","0","1","0","0","0","1","1"
"MIRT014065","mmu","mmu","mmu-miR-181a-5p","Arhgap31","0","0","0","0","1","0","0","0","1","1"
"MIRT014387","mmu","mmu","mmu-miR-181a-5p","Cenpb","0","0","0","0","1","0","0","0","1","1"
"MIRT014061","mmu","mmu","mmu-miR-181a-5p","Col4a1","0","0","0","0","1","0","0","0","1","1"
"MIRT014330","mmu","mmu","mmu-miR-181a-5p","Creb1","0","0","0","0","1","0","0","0","1","1"
"MIRT014211","mmu","mmu","mmu-miR-181a-5p","Crk","0","0","0","0","1","0","0","0","1","1"
"MIRT014173","mmu","mmu","mmu-miR-181a-5p","Ctbp1","0","0","0","0","1","0","0","0","1","1"
"MIRT014267","mmu","mmu","mmu-miR-181a-5p","Ctsb","0","0","0","0","1","0","0","0","1","1"
"MIRT014036","mmu","mmu","mmu-miR-181a-5p","Celf1","0","0","0","0","1","0","0","0","1","1"
"MIRT014332","mmu","mmu","mmu-miR-181a-5p","Dclk1","0","0","0","0","1","0","0","0","1","1"
"MIRT014126","mmu","mmu","mmu-miR-181a-5p","Dcx","0","0","0","0","1","0","0","0","1","1"
"MIRT014074","mmu","mmu","mmu-miR-181a-5p","E2f3","0","0","0","0","1","0","0","0","1","1"
"MIRT014139","mmu","mmu","mmu-miR-181a-5p","S1pr1","0","0","0","0","1","0","0","0","1","1"
"MIRT014270","mmu","mmu","mmu-miR-181a-5p","Ednrb","0","0","0","0","1","0","0","0","1","1"
"MIRT014106","mmu","mmu","mmu-miR-181a-5p","Epc1","0","0","0","0","1","0","0","0","1","1"
"MIRT014228","mmu","mmu","mmu-miR-181a-5p","Epha4","0","0","0","0","1","0","0","0","1","1"
"MIRT014382","mmu","mmu","mmu-miR-181a-5p","Erg","0","0","0","0","1","0","0","0","1","1"
"MIRT014217","mmu","mmu","mmu-miR-181a-5p","Celf2","0","0","0","0","1","0","0","0","1","1"
"MIRT014400","mmu","mmu","mmu-miR-181a-5p","Eya3","0","0","0","0","1","0","0","0","1","1"
"MIRT014385","mmu","mmu","mmu-miR-181a-5p","Fkbp1a","0","0","0","0","1","0","0","0","1","1"
"MIRT014392","mmu","mmu","mmu-miR-181a-5p","Flt1","0","0","0","0","1","0","0","0","1","1"
"MIRT014353","mmu","mmu","mmu-miR-181a-5p","Srgap2","0","0","0","0","1","0","0","0","1","1"
"MIRT014152","mmu","mmu","mmu-miR-181a-5p","Gabra1","0","0","0","0","1","0","0","0","1","1"
"MIRT014302","mmu","mmu","mmu-miR-181a-5p","Gabra4","0","0","0","0","1","0","0","0","1","1"
"MIRT014439","mmu","mmu","mmu-miR-181a-5p","Nr6a1","0","0","0","0","1","0","0","0","1","1"
"MIRT014012","mmu","mmu","mmu-miR-181a-5p","Gja1","0","0","0","0","1","0","0","0","1","1"
"MIRT014115","mmu","mmu","mmu-miR-181a-5p","Gls","0","0","0","0","1","0","0","0","1","1"
"MIRT014166","mmu","mmu","mmu-miR-181a-5p","Gnao1","0","0","0","0","1","0","0","0","1","1"
"MIRT014243","mmu","mmu","mmu-miR-181a-5p","Gnaq","0","0","0","0","1","0","0","0","1","1"
"MIRT014174","mmu","mmu","mmu-miR-181a-5p","Gpm6b","0","0","0","0","1","0","0","0","1","1"
"MIRT014165","mmu","mmu","mmu-miR-181a-5p","Pdia3","0","0","0","0","1","0","0","0","1","1"
"MIRT014433","mmu","mmu","mmu-miR-181a-5p","Agfg1","0","0","0","0","1","0","0","0","1","1"
"MIRT014427","mmu","mmu","mmu-miR-181a-5p","Elavl4","0","0","0","0","1","0","0","0","1","1"
"MIRT014204","mmu","mmu","mmu-miR-181a-5p","Id2","0","0","0","0","1","0","0","0","1","1"
"MIRT014120","mmu","mmu","mmu-miR-181a-5p","Ids","0","0","0","0","1","0","0","0","1","1"
"MIRT014104","mmu","mmu","mmu-miR-181a-5p","Invs","0","0","0","0","1","0","0","0","1","1"
"MIRT014096","mmu","mmu","mmu-miR-181a-5p","Itga4","0","0","0","0","1","0","0","0","1","1"
"MIRT014160","mmu","mmu","mmu-miR-181a-5p","Jag1","0","0","0","0","1","0","0","0","1","1"
"MIRT014266","mmu","mmu","mmu-miR-181a-5p","Kcna2","0","0","0","0","1","0","0","0","1","1"
"MIRT014248","mmu","mmu","mmu-miR-181a-5p","Kcnj10","0","0","0","0","1","0","0","0","1","1"
"MIRT014325","mmu","mmu","mmu-miR-181a-5p","Kcns2","0","0","0","0","1","0","0","0","1","1"
"MIRT014072","mmu","mmu","mmu-miR-181a-5p","Kif1c","0","0","0","0","1","0","0","0","1","1"
"MIRT014110","mmu","mmu","mmu-miR-181a-5p","Kif5c","0","0","0","0","1","0","0","0","1","1"
"MIRT014102","mmu","mmu","mmu-miR-181a-5p","Kifc2","0","0","0","0","1","0","0","0","1","1"
"MIRT014025","mmu","mmu","mmu-miR-181a-5p","Klf2","0","0","0","0","1","0","0","0","1","1"
"MIRT014212","mmu","mmu","mmu-miR-181a-5p","Klf3","0","0","0","0","1","0","0","0","1","1"
"MIRT014429","mmu","mmu","mmu-miR-181a-5p","Ksr1","0","0","0","0","1","0","0","0","1","1"
"MIRT014373","mmu","mmu","mmu-miR-181a-5p","L1cam","0","0","0","0","1","0","0","0","1","1"
"MIRT014185","mmu","mmu","mmu-miR-181a-5p","Lasp1","0","0","0","0","1","0","0","0","1","1"
"MIRT014101","mmu","mmu","mmu-miR-181a-5p","Lrp8","0","0","0","0","1","0","0","0","1","1"
"MIRT014354","mmu","mmu","mmu-miR-181a-5p","Lrrn3","0","0","0","0","1","0","0","0","1","1"
"MIRT014024","mmu","mmu","mmu-miR-181a-5p","Smad5","0","0","0","0","1","0","0","0","1","1"
"MIRT014235","mmu","mmu","mmu-miR-181a-5p","Man2a1","0","0","0","0","1","0","0","0","1","1"
"MIRT014107","mmu","mmu","mmu-miR-181a-5p","Mcl1","0","0","0","0","1","0","0","0","1","1"
"MIRT014129","mmu","mmu","mmu-miR-181a-5p","Foxk1","0","0","0","0","1","0","0","0","1","1"
"MIRT014179","mmu","mmu","mmu-miR-181a-5p","Mpp1","0","0","0","0","1","0","0","0","1","1"
"MIRT014205","mmu","mmu","mmu-miR-181a-5p","Map1a","0","0","0","0","1","0","0","0","1","1"
"MIRT014087","mmu","mmu","mmu-miR-181a-5p","Myo5a","0","0","0","0","1","0","0","0","1","1"
"MIRT014390","mmu","mmu","mmu-miR-181a-5p","Nfia","0","0","0","0","1","0","0","0","1","1"
"MIRT014286","mmu","mmu","mmu-miR-181a-5p","Nid1","0","0","0","0","1","0","0","0","1","1"
"MIRT014348","mmu","mmu","mmu-miR-181a-5p","Nktr","0","0","0","0","1","0","0","0","1","1"
"MIRT014410","mmu","mmu","mmu-miR-181a-5p","Mycn","0","0","0","0","1","0","0","0","1","1"
"MIRT014297","mmu","mmu","mmu-miR-181a-5p","Nsmaf","0","0","0","0","1","0","0","0","1","1"
"MIRT014262","mmu","mmu","mmu-miR-181a-5p","Ntrk2","0","0","0","0","1","0","0","0","1","1"
"MIRT014399","mmu","mmu","mmu-miR-181a-5p","Oat","0","0","0","0","1","0","0","0","1","1"
"MIRT014216","mmu","mmu","mmu-miR-181a-5p","Pafah1b1","0","0","0","0","1","0","0","0","1","1"
"MIRT014251","mmu","mmu","mmu-miR-181a-5p","Prkcb","0","0","0","0","1","0","0","0","1","1"
"MIRT014190","mmu","mmu","mmu-miR-181a-5p","Prkci","0","0","0","0","1","0","0","0","1","1"
"MIRT014310","mmu","mmu","mmu-miR-181a-5p","Pkia","0","0","0","0","1","0","0","0","1","1"
"MIRT014100","mmu","mmu","mmu-miR-181a-5p","Sypl","0","0","0","0","1","0","0","0","1","1"
"MIRT014119","mmu","mmu","mmu-miR-181a-5p","Ppp1cb","0","0","0","0","1","0","0","0","1","1"
"MIRT014145","mmu","mmu","mmu-miR-181a-5p","Ppp3r1","0","0","0","0","1","0","0","0","1","1"
"MIRT014067","mmu","mmu","mmu-miR-181a-5p","Eif2ak2","0","0","0","0","1","0","0","0","1","1"
"MIRT014436","mmu","mmu","mmu-miR-181a-5p","Prox1","0","0","0","0","1","0","0","0","1","1"
"MIRT014404","mmu","mmu","mmu-miR-181a-5p","Psap","0","0","0","0","1","0","0","0","1","1"
"MIRT014261","mmu","mmu","mmu-miR-181a-5p","Ptch1","0","0","0","0","1","0","0","0","1","1"
"MIRT014153","mmu","mmu","mmu-miR-181a-5p","Ptpn11","0","0","0","0","1","0","0","0","1","1"
"MIRT014063","mmu","mmu","mmu-miR-181a-5p","Ptpn5","0","0","0","0","1","0","0","0","1","1"
"MIRT014082","mmu","mmu","mmu-miR-181a-5p","Sirpa","0","0","0","0","1","0","0","0","1","1"
"MIRT014208","mmu","mmu","mmu-miR-181a-5p","Ptprd","0","0","0","0","1","0","0","0","1","1"
"MIRT014219","mmu","mmu","mmu-miR-181a-5p","Qk","0","0","0","0","1","0","0","0","1","1"
"MIRT014155","mmu","mmu","mmu-miR-181a-5p","Rdx","0","0","0","0","1","0","0","0","1","1"
"MIRT014253","mmu","mmu","mmu-miR-181a-5p","Slc50a1","0","0","0","0","1","0","0","0","1","1"
"MIRT014073","mmu","mmu","mmu-miR-181a-5p","Scd1","0","0","0","0","1","0","0","0","1","1"
"MIRT014117","mmu","mmu","mmu-miR-181a-5p","Nptn","0","0","0","0","1","0","0","0","1","1"
"MIRT014293","mmu","mmu","mmu-miR-181a-5p","Sema3c","0","0","0","0","1","0","0","0","1","1"
"MIRT014223","mmu","mmu","mmu-miR-181a-5p","Sema4c","0","0","0","0","1","0","0","0","1","1"
"MIRT014377","mmu","mmu","mmu-miR-181a-5p","Sema4f","0","0","0","0","1","0","0","0","1","1"
"MIRT014183","mmu","mmu","mmu-miR-181a-5p","Sema5a","0","0","0","0","1","0","0","0","1","1"
"MIRT014364","mmu","mmu","mmu-miR-181a-5p","Sfrp1","0","0","0","0","1","0","0","0","1","1"
"MIRT014338","mmu","mmu","mmu-miR-181a-5p","St8sia4","0","0","0","0","1","0","0","0","1","1"
"MIRT014114","mmu","mmu","mmu-miR-181a-5p","Slc1a2","0","0","0","0","1","0","0","0","1","1"
"MIRT014229","mmu","mmu","mmu-miR-181a-5p","Sos1","0","0","0","0","1","0","0","0","1","1"
"MIRT014045","mmu","mmu","mmu-miR-181a-5p","Spin1","0","0","0","0","1","0","0","0","1","1"
"MIRT014431","mmu","mmu","mmu-miR-181a-5p","Bhlhe40","0","0","0","0","1","0","0","0","1","1"
"MIRT014260","mmu","mmu","mmu-miR-181a-5p","Syt2","0","0","0","0","1","0","0","0","1","1"
"MIRT014292","mmu","mmu","mmu-miR-181a-5p","Tcf4","0","0","0","0","1","0","0","0","1","1"
"MIRT014020","mmu","mmu","mmu-miR-181a-5p","Ubtf","0","0","0","0","1","0","0","0","1","1"
"MIRT014206","mmu","mmu","mmu-miR-181a-5p","Tgfbr3","0","0","0","0","1","0","0","0","1","1"
"MIRT014335","mmu","mmu","mmu-miR-181a-5p","Timp3","0","0","0","0","1","0","0","0","1","1"
"MIRT014238","mmu","mmu","mmu-miR-181a-5p","Tnfaip1","0","0","0","0","1","0","0","0","1","1"
"MIRT014361","mmu","mmu","mmu-miR-181a-5p","Tnks","0","0","0","0","1","0","0","0","1","1"
"MIRT014011","mmu","mmu","mmu-miR-181a-5p","Tpm1","0","0","0","0","1","0","0","0","1","1"
"MIRT014042","mmu","mmu","mmu-miR-181a-5p","Nr2c2","0","0","0","0","1","0","0","0","1","1"
"MIRT014170","mmu","mmu","mmu-miR-181a-5p","Tsn","0","0","0","0","1","0","0","0","1","1"
"MIRT014009","mmu","mmu","mmu-miR-181a-5p","Ttc3","0","0","0","0","1","0","0","0","1","1"
"MIRT014360","mmu","mmu","mmu-miR-181a-5p","Tub","0","0","0","0","1","0","0","0","1","1"
"MIRT014189","mmu","mmu","mmu-miR-181a-5p","Vamp3","0","0","0","0","1","0","0","0","1","1"
"MIRT014307","mmu","mmu","mmu-miR-181a-5p","Zmat3","0","0","0","0","1","0","0","0","1","1"
"MIRT014421","mmu","mmu","mmu-miR-181a-5p","Ywhag","0","0","0","0","1","0","0","0","1","1"
"MIRT014326","mmu","mmu","mmu-miR-181a-5p","Zfp60","0","0","0","0","1","0","0","0","1","1"
"MIRT014047","mmu","mmu","mmu-miR-181a-5p","Zfp62","0","0","0","0","1","0","0","0","1","1"
"MIRT014231","mmu","mmu","mmu-miR-181a-5p","Zic1","0","0","0","0","1","0","0","0","1","1"
"MIRT014135","mmu","mmu","mmu-miR-181a-5p","Adamts5","0","0","0","0","1","0","0","0","1","1"
"MIRT014323","mmu","mmu","mmu-miR-181a-5p","Nt5e","0","0","0","0","1","0","0","0","1","1"
"MIRT014411","mmu","mmu","mmu-miR-181a-5p","Sept3","0","0","0","0","1","0","0","0","1","1"
"MIRT014162","mmu","mmu","mmu-miR-181a-5p","Angptl2","0","0","0","0","1","0","0","0","1","1"
"MIRT014418","mmu","mmu","mmu-miR-181a-5p","Map2k1","0","0","0","0","1","0","0","0","1","1"
"MIRT014273","mmu","mmu","mmu-miR-181a-5p","Map3k1","0","0","0","0","1","0","0","0","1","1"
"MIRT014026","mmu","mmu","mmu-miR-181a-5p","Map3k7","0","0","0","0","1","0","0","0","1","1"
"MIRT014256","mmu","mmu","mmu-miR-181a-5p","Plod3","0","0","0","0","1","0","0","0","1","1"
"MIRT014207","mmu","mmu","mmu-miR-181a-5p","Slc7a11","0","0","0","0","1","0","0","0","1","1"
"MIRT014275","mmu","mmu","mmu-miR-181a-5p","Magel2","0","0","0","0","1","0","0","0","1","1"
"MIRT014405","mmu","mmu","mmu-miR-181a-5p","Amot","0","0","0","0","1","0","0","0","1","1"
"MIRT014215","mmu","mmu","mmu-miR-181a-5p","Nrep","0","0","0","0","1","0","0","0","1","1"
"MIRT014391","mmu","mmu","mmu-miR-181a-5p","D4Wsu53e","0","0","0","0","1","0","0","0","1","1"
"MIRT014196","mmu","mmu","mmu-miR-181a-5p","Ndrg2","0","0","0","0","1","0","0","0","1","1"
"MIRT014097","mmu","mmu","mmu-miR-181a-5p","Tnfrsf19","0","0","0","0","1","0","0","0","1","1"
"MIRT014201","mmu","mmu","mmu-miR-181a-5p","Rnf19a","0","0","0","0","1","0","0","0","1","1"
"MIRT014386","mmu","mmu","mmu-miR-181a-5p","Atp9b","0","0","0","0","1","0","0","0","1","1"
"MIRT014316","mmu","mmu","mmu-miR-181a-5p","Fbxl3","0","0","0","0","1","0","0","0","1","1"
"MIRT014320","mmu","mmu","mmu-miR-181a-5p","Acsl4","0","0","0","0","1","0","0","0","1","1"
"MIRT014080","mmu","mmu","mmu-miR-181a-5p","Uba2","0","0","0","0","1","0","0","0","1","1"
"MIRT014194","mmu","mmu","mmu-miR-181a-5p","Mfhas1","0","0","0","0","1","0","0","0","1","1"
"MIRT014222","mmu","mmu","mmu-miR-181a-5p","Reep1","0","0","0","0","1","0","0","0","1","1"
"MIRT014406","mmu","mmu","mmu-miR-181a-5p","Esyt2","0","0","0","0","1","0","0","0","1","1"
"MIRT014370","mmu","mmu","mmu-miR-181a-5p","Rgs7bp","0","0","0","0","1","0","0","0","1","1"
"MIRT014369","mmu","mmu","mmu-miR-181a-5p","Ahi1","0","0","0","0","1","0","0","0","1","1"
"MIRT014383","mmu","mmu","mmu-miR-181a-5p","Gosr1","0","0","0","0","1","0","0","0","1","1"
"MIRT014356","mmu","mmu","mmu-miR-181a-5p","Usp2","0","0","0","0","1","0","0","0","1","1"
"MIRT014357","mmu","mmu","mmu-miR-181a-5p","Blcap","0","0","0","0","1","0","0","0","1","1"
"MIRT014397","mmu","mmu","mmu-miR-181a-5p","Gria3","0","0","0","0","1","0","0","0","1","1"
"MIRT014035","mmu","mmu","mmu-miR-181a-5p","Nell2","0","0","0","0","1","0","0","0","1","1"
"MIRT014092","mmu","mmu","mmu-miR-181a-5p","Pcdh7","0","0","0","0","1","0","0","0","1","1"
"MIRT014122","mmu","mmu","mmu-miR-181a-5p","Elovl2","0","0","0","0","1","0","0","0","1","1"
"MIRT014168","mmu","mmu","mmu-miR-181a-5p","Slc23a2","0","0","0","0","1","0","0","0","1","1"
"MIRT014324","mmu","mmu","mmu-miR-181a-5p","Azin1","0","0","0","0","1","0","0","0","1","1"
"MIRT014151","mmu","mmu","mmu-miR-181a-5p","Nfat5","0","0","0","0","1","0","0","0","1","1"
"MIRT014282","mmu","mmu","mmu-miR-181a-5p","Pcnx","0","0","0","0","1","0","0","0","1","1"
"MIRT014340","mmu","mmu","mmu-miR-181a-5p","Sfmbt1","0","0","0","0","1","0","0","0","1","1"
"MIRT014381","mmu","mmu","mmu-miR-181a-5p","Cadm1","0","0","0","0","1","0","0","0","1","1"
"MIRT014202","mmu","mmu","mmu-miR-181a-5p","Ammecr1","0","0","0","0","1","0","0","0","1","1"
"MIRT014127","mmu","mmu","mmu-miR-181a-5p","Olfm1","0","0","0","0","1","0","0","0","1","1"
"MIRT014435","mmu","mmu","mmu-miR-181a-5p","Mpp5","0","0","0","0","1","0","0","0","1","1"
"MIRT014263","mmu","mmu","mmu-miR-181a-5p","Patz1","0","0","0","0","1","0","0","0","1","1"
"MIRT014060","mmu","mmu","mmu-miR-181a-5p","B4galt4","0","0","0","0","1","0","0","0","1","1"
"MIRT014376","mmu","mmu","mmu-miR-181a-5p","Syncrip","0","0","0","0","1","0","0","0","1","1"
"MIRT014210","mmu","mmu","mmu-miR-181a-5p","Ybx3","0","0","0","0","1","0","0","0","1","1"
"MIRT014203","mmu","mmu","mmu-miR-181a-5p","Sept6","0","0","0","0","1","0","0","0","1","1"
"MIRT014192","mmu","mmu","mmu-miR-181a-5p","Sec11a","0","0","0","0","1","0","0","0","1","1"
"MIRT014363","mmu","mmu","mmu-miR-181a-5p","Tob2","0","0","0","0","1","0","0","0","1","1"
"MIRT014171","mmu","mmu","mmu-miR-181a-5p","Ttyh1","0","0","0","0","1","0","0","0","1","1"
"MIRT014134","mmu","mmu","mmu-miR-181a-5p","Dnaja4","0","0","0","0","1","0","0","0","1","1"
"MIRT014343","mmu","mmu","mmu-miR-181a-5p","Fign","0","0","0","0","1","0","0","0","1","1"
"MIRT014199","mmu","mmu","mmu-miR-181a-5p","Sdf2l1","0","0","0","0","1","0","0","0","1","1"
"MIRT014186","mmu","mmu","mmu-miR-181a-5p","Sv2b","0","0","0","0","1","0","0","0","1","1"
"MIRT014255","mmu","mmu","mmu-miR-181a-5p","Inpp5e","0","0","0","0","1","0","0","0","1","1"
"MIRT014077","mmu","mmu","mmu-miR-181a-5p","Twsg1","0","0","0","0","1","0","0","0","1","1"
"MIRT014281","mmu","mmu","mmu-miR-181a-5p","Tmem167","0","0","0","0","1","0","0","0","1","1"
"MIRT014105","mmu","mmu","mmu-miR-181a-5p","Arrdc4","0","0","0","0","1","0","0","0","1","1"
"MIRT014014","mmu","mmu","mmu-miR-181a-5p","Aggf1","0","0","0","0","1","0","0","0","1","1"
"MIRT014300","mmu","mmu","mmu-miR-181a-5p","3110001I22Rik","0","0","0","0","1","0","0","0","1","1"
"MIRT014239","mmu","mmu","mmu-miR-181a-5p","Sfrs18","0","0","0","0","1","0","0","0","1","1"
"MIRT014029","mmu","mmu","mmu-miR-181a-5p","4933411K20Rik","0","0","0","0","1","0","0","0","1","1"
"MIRT014083","mmu","mmu","mmu-miR-181a-5p","Tmem170","0","0","0","0","1","0","0","0","1","1"
"MIRT014401","mmu","mmu","mmu-miR-181a-5p","Swt1","0","0","0","0","1","0","0","0","1","1"
"MIRT014099","mmu","mmu","mmu-miR-181a-5p","Pcyox1","0","0","0","0","1","0","0","0","1","1"
"MIRT014305","mmu","mmu","mmu-miR-181a-5p","Naa16","0","0","0","0","1","0","0","0","1","1"
"MIRT014054","mmu","mmu","mmu-miR-181a-5p","Trak1","0","0","0","0","1","0","0","0","1","1"
"MIRT014195","mmu","mmu","mmu-miR-181a-5p","Ttc14","0","0","0","0","1","0","0","0","1","1"
"MIRT014378","mmu","mmu","mmu-miR-181a-5p","Arl8b","0","0","0","0","1","0","0","0","1","1"
"MIRT014052","mmu","mmu","mmu-miR-181a-5p","Mboat2","0","0","0","0","1","0","0","0","1","1"
"MIRT014176","mmu","mmu","mmu-miR-181a-5p","Ssr3","0","0","0","0","1","0","0","0","1","1"
"MIRT014055","mmu","mmu","mmu-miR-181a-5p","Cpeb4","0","0","0","0","1","0","0","0","1","1"
"MIRT014113","mmu","mmu","mmu-miR-181a-5p","Ube2r2","0","0","0","0","1","0","0","0","1","1"
"MIRT014081","mmu","mmu","mmu-miR-181a-5p","Dctn4","0","0","0","0","1","0","0","0","1","1"
"MIRT014424","mmu","mmu","mmu-miR-181a-5p","Slc38a2","0","0","0","0","1","0","0","0","1","1"
"MIRT014230","mmu","mmu","mmu-miR-181a-5p","Sfr1","0","0","0","0","1","0","0","0","1","1"
"MIRT014374","mmu","mmu","mmu-miR-181a-5p","Ppap2b","0","0","0","0","1","0","0","0","1","1"
"MIRT014051","mmu","mmu","mmu-miR-181a-5p","Spire1","0","0","0","0","1","0","0","0","1","1"
"MIRT014034","mmu","mmu","mmu-miR-181a-5p","Pdhb","0","0","0","0","1","0","0","0","1","1"
"MIRT014085","mmu","mmu","mmu-miR-181a-5p","Pdrg1","0","0","0","0","1","0","0","0","1","1"
"MIRT014032","mmu","mmu","mmu-miR-181a-5p","Rtn4","0","0","0","0","1","0","0","0","1","1"
"MIRT014384","mmu","mmu","mmu-miR-181a-5p","Trp53inp2","0","0","0","0","1","0","0","0","1","1"
"MIRT014184","mmu","mmu","mmu-miR-181a-5p","Acss1","0","0","0","0","1","0","0","0","1","1"
"MIRT014309","mmu","mmu","mmu-miR-181a-5p","Elovl5","0","0","0","0","1","0","0","0","1","1"
"MIRT014039","mmu","mmu","mmu-miR-181a-5p","Cdan1","0","0","0","0","1","0","0","0","1","1"
"MIRT014257","mmu","mmu","mmu-miR-181a-5p","Sec31a","0","0","0","0","1","0","0","0","1","1"
"MIRT014375","mmu","mmu","mmu-miR-181a-5p","Elf2","0","0","0","0","1","0","0","0","1","1"
"MIRT014268","mmu","mmu","mmu-miR-181a-5p","Antxr1","0","0","0","0","1","0","0","0","1","1"
"MIRT014069","mmu","mmu","mmu-miR-181a-5p","Sash1","0","0","0","0","1","0","0","0","1","1"
"MIRT014138","mmu","mmu","mmu-miR-181a-5p","Afap1","0","0","0","0","1","0","0","0","1","1"
"MIRT014367","mmu","mmu","mmu-miR-181a-5p","Hmgxb4","0","0","0","0","1","0","0","0","1","1"
"MIRT014130","mmu","mmu","mmu-miR-181a-5p","Spag9","0","0","0","0","1","0","0","0","1","1"
"MIRT014283","mmu","mmu","mmu-miR-181a-5p","Tom1l1","0","0","0","0","1","0","0","0","1","1"
"MIRT014437","mmu","mmu","mmu-miR-181a-5p","Fndc3b","0","0","0","0","1","0","0","0","1","1"
"MIRT014245","mmu","mmu","mmu-miR-181a-5p","Tsc22d2","0","0","0","0","1","0","0","0","1","1"
"MIRT014023","mmu","mmu","mmu-miR-181a-5p","Sulf2","0","0","0","0","1","0","0","0","1","1"
"MIRT014064","mmu","mmu","mmu-miR-181a-5p","Fbxl20","0","0","0","0","1","0","0","0","1","1"
"MIRT014380","mmu","mmu","mmu-miR-181a-5p","Kcnk10","0","0","0","0","1","0","0","0","1","1"
"MIRT014091","mmu","mmu","mmu-miR-181a-5p","Amer1","0","0","0","0","1","0","0","0","1","1"
"MIRT014159","mmu","mmu","mmu-miR-181a-5p","Faim2","0","0","0","0","1","0","0","0","1","1"
"MIRT014048","mmu","mmu","mmu-miR-181a-5p","Katnbl1","0","0","0","0","1","0","0","0","1","1"
"MIRT014109","mmu","mmu","mmu-miR-181a-5p","Tmem87b","0","0","0","0","1","0","0","0","1","1"
"MIRT014409","mmu","mmu","mmu-miR-181a-5p","Zfp655","0","0","0","0","1","0","0","0","1","1"
"MIRT014177","mmu","mmu","mmu-miR-181a-5p","Tmem135","0","0","0","0","1","0","0","0","1","1"
"MIRT014359","mmu","mmu","mmu-miR-181a-5p","Ubash3b","0","0","0","0","1","0","0","0","1","1"
"MIRT014150","mmu","mmu","mmu-miR-181a-5p","Prdm4","0","0","0","0","1","0","0","0","1","1"
"MIRT014289","mmu","mmu","mmu-miR-181a-5p","Slc22a23","0","0","0","0","1","0","0","0","1","1"
"MIRT014118","mmu","mmu","mmu-miR-181a-5p","Wdr13","0","0","0","0","1","0","0","0","1","1"
"MIRT014321","mmu","mmu","mmu-miR-181a-5p","Otud4","0","0","0","0","1","0","0","0","1","1"
"MIRT014017","mmu","mmu","mmu-miR-181a-5p","Atl1","0","0","0","0","1","0","0","0","1","1"
"MIRT014031","mmu","mmu","mmu-miR-181a-5p","Paqr8","0","0","0","0","1","0","0","0","1","1"
"MIRT014247","mmu","mmu","mmu-miR-181a-5p","Osbp2","0","0","0","0","1","0","0","0","1","1"
"MIRT014250","mmu","mmu","mmu-miR-181a-5p","Morc2a","0","0","0","0","1","0","0","0","1","1"
"MIRT014407","mmu","mmu","mmu-miR-181a-5p","Ddit4","0","0","0","0","1","0","0","0","1","1"
"MIRT014213","mmu","mmu","mmu-miR-181a-5p","Kbtbd11","0","0","0","0","1","0","0","0","1","1"
"MIRT014278","mmu","mmu","mmu-miR-181a-5p","Lamp5","0","0","0","0","1","0","0","0","1","1"
"MIRT014147","mmu","mmu","mmu-miR-181a-5p","Adhfe1","0","0","0","0","1","0","0","0","1","1"
"MIRT014379","mmu","mmu","mmu-miR-181a-5p","Fads1","0","0","0","0","1","0","0","0","1","1"
"MIRT014076","mmu","mmu","mmu-miR-181a-5p","Slc24a2","0","0","0","0","1","0","0","0","1","1"
"MIRT014123","mmu","mmu","mmu-miR-181a-5p","Golga1","0","0","0","0","1","0","0","0","1","1"
"MIRT014315","mmu","mmu","mmu-miR-181a-5p","Tanc2","0","0","0","0","1","0","0","0","1","1"
"MIRT014010","mmu","mmu","mmu-miR-181a-5p","Fam115a","0","0","0","0","1","0","0","0","1","1"
"MIRT014351","mmu","mmu","mmu-miR-181a-5p","Mboat7","0","0","0","0","1","0","0","0","1","1"
"MIRT014314","mmu","mmu","mmu-miR-181a-5p","Usp45","0","0","0","0","1","0","0","0","1","1"
"MIRT014366","mmu","mmu","mmu-miR-181a-5p","Zfyve20","0","0","0","0","1","0","0","0","1","1"
"MIRT014372","mmu","mmu","mmu-miR-181a-5p","Ttyh3","0","0","0","0","1","0","0","0","1","1"
"MIRT014334","mmu","mmu","mmu-miR-181a-5p","Zfp449","0","0","0","0","1","0","0","0","1","1"
"MIRT014200","mmu","mmu","mmu-miR-181a-5p","Gpr146","0","0","0","0","1","0","0","0","1","1"
"MIRT014132","mmu","mmu","mmu-miR-181a-5p","Med8","0","0","0","0","1","0","0","0","1","1"
"MIRT014197","mmu","mmu","mmu-miR-181a-5p","Rab27b","0","0","0","0","1","0","0","0","1","1"
"MIRT014030","mmu","mmu","mmu-miR-181a-5p","Rad54l2","0","0","0","0","1","0","0","0","1","1"
"MIRT014337","mmu","mmu","mmu-miR-181a-5p","Tbl1xr1","0","0","0","0","1","0","0","0","1","1"
"MIRT014098","mmu","mmu","mmu-miR-181a-5p","Sf3b1","0","0","0","0","1","0","0","0","1","1"
"MIRT014311","mmu","mmu","mmu-miR-181a-5p","Pi4k2a","0","0","0","0","1","0","0","0","1","1"
"MIRT014395","mmu","mmu","mmu-miR-181a-5p","Sep15","0","0","0","0","1","0","0","0","1","1"
"MIRT014209","mmu","mmu","mmu-miR-181a-5p","Aff4","0","0","0","0","1","0","0","0","1","1"
"MIRT014274","mmu","mmu","mmu-miR-181a-5p","Pard6g","0","0","0","0","1","0","0","0","1","1"
"MIRT014146","mmu","mmu","mmu-miR-181a-5p","Ube2n","0","0","0","0","1","0","0","0","1","1"
"MIRT014137","mmu","mmu","mmu-miR-181a-5p","Nipa2","0","0","0","0","1","0","0","0","1","1"
"MIRT014157","mmu","mmu","mmu-miR-181a-5p","Trim9","0","0","0","0","1","0","0","0","1","1"
"MIRT014336","mmu","mmu","mmu-miR-181a-5p","Slc4a10","0","0","0","0","1","0","0","0","1","1"
"MIRT014180","mmu","mmu","mmu-miR-181a-5p","AI597479","0","0","0","0","1","0","0","0","1","1"
"MIRT014021","mmu","mmu","mmu-miR-181a-5p","4933434E20Rik","0","0","0","0","1","0","0","0","1","1"
"MIRT014237","mmu","mmu","mmu-miR-181a-5p","Camta1","0","0","0","0","1","0","0","0","1","1"
"MIRT014298","mmu","mmu","mmu-miR-181a-5p","Tmem168","0","0","0","0","1","0","0","0","1","1"
"MIRT014371","mmu","mmu","mmu-miR-181a-5p","Plekha1","0","0","0","0","1","0","0","0","1","1"
"MIRT014303","mmu","mmu","mmu-miR-181a-5p","Zdhhc7","0","0","0","0","1","0","0","0","1","1"
"MIRT014398","mmu","mmu","mmu-miR-181a-5p","Fbxw11","0","0","0","0","1","0","0","0","1","1"
"MIRT014226","mmu","mmu","mmu-miR-181a-5p","Arrdc3","0","0","0","0","1","0","0","0","1","1"
"MIRT014116","mmu","mmu","mmu-miR-181a-5p","Btaf1","0","0","0","0","1","0","0","0","1","1"
"MIRT014198","mmu","mmu","mmu-miR-181a-5p","Scamp1","0","0","0","0","1","0","0","0","1","1"
"MIRT014234","mmu","mmu","mmu-miR-181a-5p","Grm5","0","0","0","0","1","0","0","0","1","1"
"MIRT014224","mmu","mmu","mmu-miR-181a-5p","Ogt","0","0","0","0","1","0","0","0","1","1"
"MIRT014432","mmu","mmu","mmu-miR-181a-5p","Foxp1","0","0","0","0","1","0","0","0","1","1"
"MIRT014218","mmu","mmu","mmu-miR-181a-5p","Chd9","0","0","0","0","1","0","0","0","1","1"
"MIRT014142","mmu","mmu","mmu-miR-181a-5p","Lmo3","0","0","0","0","1","0","0","0","1","1"
"MIRT014038","mmu","mmu","mmu-miR-181a-5p","Cald1","0","0","0","0","1","0","0","0","1","1"
"MIRT014040","mmu","mmu","mmu-miR-181a-5p","Dnah5","0","0","0","0","1","0","0","0","1","1"
"MIRT014328","mmu","mmu","mmu-miR-181a-5p","Cds2","0","0","0","0","1","0","0","0","1","1"
"MIRT014062","mmu","mmu","mmu-miR-181a-5p","Srgap1","0","0","0","0","1","0","0","0","1","1"
"MIRT014290","mmu","mmu","mmu-miR-181a-5p","Oxr1","0","0","0","0","1","0","0","0","1","1"
"MIRT014172","mmu","mmu","mmu-miR-181a-5p","Glcci1","0","0","0","0","1","0","0","0","1","1"
"MIRT014258","mmu","mmu","mmu-miR-181a-5p","Usp33","0","0","0","0","1","0","0","0","1","1"
"MIRT014028","mmu","mmu","mmu-miR-181a-5p","Dicer1","0","0","0","0","1","0","0","0","1","1"
"MIRT014272","mmu","mmu","mmu-miR-181a-5p","Prpf8","0","0","0","0","1","0","0","0","1","1"
"MIRT014016","mmu","mmu","mmu-miR-181a-5p","Eme2","0","0","0","0","1","0","0","0","1","1"
"MIRT014188","mmu","mmu","mmu-miR-181a-5p","Zzef1","0","0","0","0","1","0","0","0","1","1"
"MIRT014046","mmu","mmu","mmu-miR-181a-5p","Bptf","0","0","0","0","1","0","0","0","1","1"
"MIRT014075","mmu","mmu","mmu-miR-181a-5p","Arhgef17","0","0","0","0","1","0","0","0","1","1"
"MIRT014285","mmu","mmu","mmu-miR-181a-5p","Wdr37","0","0","0","0","1","0","0","0","1","1"
"MIRT014428","mmu","mmu","mmu-miR-181a-5p","Dip2c","0","0","0","0","1","0","0","0","1","1"
"MIRT014013","mmu","mmu","mmu-miR-181a-5p","Rsrc2","0","0","0","0","1","0","0","0","1","1"
"MIRT014057","mmu","mmu","mmu-miR-181a-5p","Prrg3","0","0","0","0","1","0","0","0","1","1"
"MIRT014112","mmu","mmu","mmu-miR-181a-5p","Snx30","0","0","0","0","1","0","0","0","1","1"
"MIRT014193","mmu","mmu","mmu-miR-181a-5p","Lpp","0","0","0","0","1","0","0","0","1","1"
"MIRT014148","mmu","mmu","mmu-miR-181a-5p","Bai3","0","0","0","0","1","0","0","0","1","1"
"MIRT014128","mmu","mmu","mmu-miR-181a-5p","Inpp5a","0","0","0","0","1","0","0","0","1","1"
"MIRT014066","mmu","mmu","mmu-miR-181a-5p","Sprn","0","0","0","0","1","0","0","0","1","1"
"MIRT014018","mmu","mmu","mmu-miR-181a-5p","Ddx46","0","0","0","0","1","0","0","0","1","1"
"MIRT014344","mmu","mmu","mmu-miR-181a-5p","Kmt2a","0","0","0","0","1","0","0","0","1","1"
"MIRT014414","mmu","mmu","mmu-miR-181a-5p","Csnk1g1","0","0","0","0","1","0","0","0","1","1"
"MIRT014078","mmu","mmu","mmu-miR-181a-5p","Vezt","0","0","0","0","1","0","0","0","1","1"
"MIRT014220","mmu","mmu","mmu-miR-181a-5p","Rassf2","0","0","0","0","1","0","0","0","1","1"
"MIRT014342","mmu","mmu","mmu-miR-181a-5p","Phactr2","0","0","0","0","1","0","0","0","1","1"
"MIRT014252","mmu","mmu","mmu-miR-181a-5p","Mfap3","0","0","0","0","1","0","0","0","1","1"
"MIRT014352","mmu","mmu","mmu-miR-181a-5p","Iba57","0","0","0","0","1","0","0","0","1","1"
"MIRT014417","mmu","mmu","mmu-miR-181a-5p","Taok1","0","0","0","0","1","0","0","0","1","1"
"MIRT014144","mmu","mmu","mmu-miR-181a-5p","Hlf","0","0","0","0","1","0","0","0","1","1"
"MIRT014350","mmu","mmu","mmu-miR-181a-5p","Rhbdf2","0","0","0","0","1","0","0","0","1","1"
"MIRT014249","mmu","mmu","mmu-miR-181a-5p","Dnajc27","0","0","0","0","1","0","0","0","1","1"
"MIRT014233","mmu","mmu","mmu-miR-181a-5p","Stxbp6","0","0","0","0","1","0","0","0","1","1"
"MIRT014161","mmu","mmu","mmu-miR-181a-5p","4933426M11Rik","0","0","0","0","1","0","0","0","1","1"
"MIRT014277","mmu","mmu","mmu-miR-181a-5p","Wdr41","0","0","0","0","1","0","0","0","1","1"
"MIRT014044","mmu","mmu","mmu-miR-181a-5p","Fcho2","0","0","0","0","1","0","0","0","1","1"
"MIRT014269","mmu","mmu","mmu-miR-181a-5p","Khnyn","0","0","0","0","1","0","0","0","1","1"
"MIRT014103","mmu","mmu","mmu-miR-181a-5p","Enpp4","0","0","0","0","1","0","0","0","1","1"
"MIRT014244","mmu","mmu","mmu-miR-181a-5p","Plcl2","0","0","0","0","1","0","0","0","1","1"
"MIRT014143","mmu","mmu","mmu-miR-181a-5p","Fbxo11","0","0","0","0","1","0","0","0","1","1"
"MIRT014438","mmu","mmu","mmu-miR-181a-5p","Rorb","0","0","0","0","1","0","0","0","1","1"
"MIRT014108","mmu","mmu","mmu-miR-181a-5p","Trpm3","0","0","0","0","1","0","0","0","1","1"
"MIRT014368","mmu","mmu","mmu-miR-181a-5p","Ermp1","0","0","0","0","1","0","0","0","1","1"
"MIRT014308","mmu","mmu","mmu-miR-181a-5p","Yod1","0","0","0","0","1","0","0","0","1","1"
"MIRT014402","mmu","mmu","mmu-miR-181a-5p","Zbtb41","0","0","0","0","1","0","0","0","1","1"
"MIRT014345","mmu","mmu","mmu-miR-181a-5p","Prrc2c","0","0","0","0","1","0","0","0","1","1"
"MIRT014408","mmu","mmu","mmu-miR-181a-5p","Lpgat1","0","0","0","0","1","0","0","0","1","1"
"MIRT014178","mmu","mmu","mmu-miR-181a-5p","Ctdsp1","0","0","0","0","1","0","0","0","1","1"
"MIRT014394","mmu","mmu","mmu-miR-181a-5p","Gigyf2","0","0","0","0","1","0","0","0","1","1"
"MIRT014422","mmu","mmu","mmu-miR-181a-5p","Ppip5k2","0","0","0","0","1","0","0","0","1","1"
"MIRT014339","mmu","mmu","mmu-miR-181a-5p","Epc2","0","0","0","0","1","0","0","0","1","1"
"MIRT014070","mmu","mmu","mmu-miR-181a-5p","Gca","0","0","0","0","1","0","0","0","1","1"
"MIRT014121","mmu","mmu","mmu-miR-181a-5p","Tlk1","0","0","0","0","1","0","0","0","1","1"
"MIRT014163","mmu","mmu","mmu-miR-181a-5p","Agps","0","0","0","0","1","0","0","0","1","1"
"MIRT014341","mmu","mmu","mmu-miR-181a-5p","Btbd3","0","0","0","0","1","0","0","0","1","1"
"MIRT014295","mmu","mmu","mmu-miR-181a-5p","Samd10","0","0","0","0","1","0","0","0","1","1"
"MIRT014232","mmu","mmu","mmu-miR-181a-5p","Fam160a1","0","0","0","0","1","0","0","0","1","1"
"MIRT014312","mmu","mmu","mmu-miR-181a-5p","Otud7b","0","0","0","0","1","0","0","0","1","1"
"MIRT014389","mmu","mmu","mmu-miR-181a-5p","Rsbn1","0","0","0","0","1","0","0","0","1","1"
"MIRT014175","mmu","mmu","mmu-miR-181a-5p","Slc25a51","0","0","0","0","1","0","0","0","1","1"
"MIRT014415","mmu","mmu","mmu-miR-181a-5p","Tmeff1","0","0","0","0","1","0","0","0","1","1"
"MIRT014333","mmu","mmu","mmu-miR-181a-5p","Ptbp3","0","0","0","0","1","0","0","0","1","1"
"MIRT014413","mmu","mmu","mmu-miR-181a-5p","Megf9","0","0","0","0","1","0","0","0","1","1"
"MIRT014015","mmu","mmu","mmu-miR-181a-5p","Atpaf1","0","0","0","0","1","0","0","0","1","1"
"MIRT014430","mmu","mmu","mmu-miR-181a-5p","Kmt2c","0","0","0","0","1","0","0","0","1","1"
"MIRT014271","mmu","mmu","mmu-miR-181a-5p","Ablim2","0","0","0","0","1","0","0","0","1","1"
"MIRT014058","mmu","mmu","mmu-miR-181a-5p","Parm1","0","0","0","0","1","0","0","0","1","1"
"MIRT014086","mmu","mmu","mmu-miR-181a-5p","Rpap2","0","0","0","0","1","0","0","0","1","1"
"MIRT014355","mmu","mmu","mmu-miR-181a-5p","Luzp2","0","0","0","0","1","0","0","0","1","1"
"MIRT014225","mmu","mmu","mmu-miR-181a-5p","Crebzf","0","0","0","0","1","0","0","0","1","1"
"MIRT014181","mmu","mmu","mmu-miR-181a-5p","Gpm6a","0","0","0","0","1","0","0","0","1","1"
"MIRT014294","mmu","mmu","mmu-miR-181a-5p","A330008L17Rik","0","0","0","0","1","0","0","0","1","1"
"MIRT014124","mmu","mmu","mmu-miR-181a-5p","Dync1li2","0","0","0","0","1","0","0","0","1","1"
"MIRT014347","mmu","mmu","mmu-miR-181a-5p","Sc5d","0","0","0","0","1","0","0","0","1","1"
"MIRT014306","mmu","mmu","mmu-miR-181a-5p","Slc17a5","0","0","0","0","1","0","0","0","1","1"
"MIRT014133","mmu","mmu","mmu-miR-181a-5p","Slc9a6","0","0","0","0","1","0","0","0","1","1"
"MIRT014037","mmu","mmu","mmu-miR-181a-5p","Lrp11","0","0","0","0","1","0","0","0","1","1"
"MIRT014241","mmu","mmu","mmu-miR-181a-5p","Tbpl1","0","0","0","0","1","0","0","0","1","1"
"MIRT014191","mmu","mmu","mmu-miR-181a-5p","Eml6","0","0","0","0","1","0","0","0","1","1"
"MIRT014140","mmu","mmu","mmu-miR-181a-5p","Sowaha","0","0","0","0","1","0","0","0","1","1"
"MIRT014246","mmu","mmu","mmu-miR-181a-5p","Tnpo1","0","0","0","0","1","0","0","0","1","1"
"MIRT014329","mmu","mmu","mmu-miR-181a-5p","Cadm2","0","0","0","0","1","0","0","0","1","1"
"MIRT014318","mmu","mmu","mmu-miR-181a-5p","Ccnj","0","0","0","0","1","0","0","0","1","1"
"MIRT014043","mmu","mmu","mmu-miR-181a-5p","Tor1aip2","0","0","0","0","1","0","0","0","1","1"
"MIRT014156","mmu","mmu","mmu-miR-181a-5p","Lzts3","0","0","0","0","1","0","0","0","1","1"
"MIRT014304","mmu","mmu","mmu-miR-181a-5p","Manea","0","0","0","0","1","0","0","0","1","1"
"MIRT014214","mmu","mmu","mmu-miR-181a-5p","Grin3a","0","0","0","0","1","0","0","0","1","1"
"MIRT014227","mmu","mmu","mmu-miR-181a-5p","Tmem245","0","0","0","0","1","0","0","0","1","1"
"MIRT014362","mmu","mmu","mmu-miR-181a-5p","Tmem130","0","0","0","0","1","0","0","0","1","1"
"MIRT014019","mmu","mmu","mmu-miR-181a-5p","Gprin3","0","0","0","0","1","0","0","0","1","1"
"MIRT014388","mmu","mmu","mmu-miR-181a-5p","Ppp1r9a","0","0","0","0","1","0","0","0","1","1"
"MIRT014317","mmu","mmu","mmu-miR-181a-5p","Zfp568","0","0","0","0","1","0","0","0","1","1"
"MIRT014049","mmu","mmu","mmu-miR-181a-5p","Dlgap2","0","0","0","0","1","0","0","0","1","1"
"MIRT014288","mmu","mmu","mmu-miR-181a-5p","Arhgap20","0","0","0","0","1","0","0","0","1","1"
"MIRT014259","mmu","mmu","mmu-miR-181a-5p","Tnfaip8l3","0","0","0","0","1","0","0","0","1","1"
"MIRT014327","mmu","mmu","mmu-miR-181a-5p","Zfp937","0","0","0","0","1","0","0","0","1","1"
"MIRT014111","mmu","mmu","mmu-miR-181a-5p","Mllt6","0","0","0","0","1","0","0","0","1","1"
"MIRT014079","mmu","mmu","mmu-miR-181a-5p","Lgi2","0","0","0","0","1","0","0","0","1","1"
"MIRT014240","mmu","mmu","mmu-miR-181a-5p","Robo2","0","0","0","0","1","0","0","0","1","1"
"MIRT014396","mmu","mmu","mmu-miR-181a-5p","Fam171a1","0","0","0","0","1","0","0","0","1","1"
"MIRT014403","mmu","mmu","mmu-miR-181a-5p","Lrig2","0","0","0","0","1","0","0","0","1","1"
"MIRT014349","mmu","mmu","mmu-miR-181a-5p","Zfp512","0","0","0","0","1","0","0","0","1","1"
"MIRT014299","mmu","mmu","mmu-miR-181a-5p","Nat8l","0","0","0","0","1","0","0","0","1","1"
"MIRT014131","mmu","mmu","mmu-miR-181a-5p","Ppp2r2c","0","0","0","0","1","0","0","0","1","1"
"MIRT014287","mmu","mmu","mmu-miR-181a-5p","Map3k10","0","0","0","0","1","0","0","0","1","1"
"MIRT014169","mmu","mmu","mmu-miR-181a-5p","Nup98","0","0","0","0","1","0","0","0","1","1"
"MIRT014393","mmu","mmu","mmu-miR-181a-5p","Flnb","0","0","0","0","1","0","0","0","1","1"
"MIRT014279","mmu","mmu","mmu-miR-181a-5p","Pld5","0","0","0","0","1","0","0","0","1","1"
"MIRT014265","mmu","mmu","mmu-miR-181a-5p","Celf5","0","0","0","0","1","0","0","0","1","1"
"MIRT014280","mmu","mmu","mmu-miR-181a-5p","Fam168a","0","0","0","0","1","0","0","0","1","1"
"MIRT014141","mmu","mmu","mmu-miR-181a-5p","Apba1","0","0","0","0","1","0","0","0","1","1"
"MIRT014071","mmu","mmu","mmu-miR-181a-5p","Fndc9","0","0","0","0","1","0","0","0","1","1"
"MIRT014423","mmu","mmu","mmu-miR-181a-5p","Zdhhc17","0","0","0","0","1","0","0","0","1","1"
"MIRT014331","mmu","mmu","mmu-miR-181a-5p","Hook3","0","0","0","0","1","0","0","0","1","1"
"MIRT014050","mmu","mmu","mmu-miR-181a-5p","Scai","0","0","0","0","1","0","0","0","1","1"
"MIRT014276","mmu","mmu","mmu-miR-181a-5p","Ric3","0","0","0","0","1","0","0","0","1","1"
"MIRT014094","mmu","mmu","mmu-miR-181a-5p","Strip2","0","0","0","0","1","0","0","0","1","1"
"MIRT014164","mmu","mmu","mmu-miR-181a-5p","Bend6","0","0","0","0","1","0","0","0","1","1"
"MIRT014365","mmu","mmu","mmu-miR-181a-5p","Soga1","0","0","0","0","1","0","0","0","1","1"
"MIRT014149","mmu","mmu","mmu-miR-181a-5p","Chd7","0","0","0","0","1","0","0","0","1","1"
"MIRT014358","mmu","mmu","mmu-miR-181a-5p","Dcaf5","0","0","0","0","1","0","0","0","1","1"
"MIRT014068","mmu","mmu","mmu-miR-181a-5p","Pisd","0","0","0","0","1","0","0","0","1","1"
"MIRT014291","mmu","mmu","mmu-miR-181a-5p","Ppfia2","0","0","0","0","1","0","0","0","1","1"
"MIRT014154","mmu","mmu","mmu-miR-181a-5p","Prpf39","0","0","0","0","1","0","0","0","1","1"
"MIRT014419","mmu","mmu","mmu-miR-181a-5p","D630045J12Rik","0","0","0","0","1","0","0","0","1","1"
"MIRT014420","mmu","mmu","mmu-miR-181a-5p","Tmcc1","0","0","0","0","1","0","0","0","1","1"
"MIRT014090","mmu","mmu","mmu-miR-181a-5p","Opcml","0","0","0","0","1","0","0","0","1","1"
"MIRT014416","mmu","mmu","mmu-miR-181a-5p","N4bp2","0","0","0","0","1","0","0","0","1","1"
"MIRT014254","mmu","mmu","mmu-miR-181a-5p","Akap17b","0","0","0","0","1","0","0","0","1","1"
"MIRT014089","mmu","mmu","mmu-miR-181a-5p","Intu","0","0","0","0","1","0","0","0","1","1"
"MIRT014053","mmu","mmu","mmu-miR-181a-5p","Lemd3","0","0","0","0","1","0","0","0","1","1"
"MIRT014027","mmu","mmu","mmu-miR-181a-5p","Crtc1","0","0","0","0","1","0","0","0","1","1"
"MIRT014182","mmu","mmu","mmu-miR-181a-5p","Scn4b","0","0","0","0","1","0","0","0","1","1"
"MIRT014425","mmu","mmu","mmu-miR-181a-5p","Zyg11b","0","0","0","0","1","0","0","0","1","1"
"MIRT014242","mmu","mmu","mmu-miR-181a-5p","Adcy1","0","0","0","0","1","0","0","0","1","1"
"MIRT014022","mmu","mmu","mmu-miR-181a-5p","Prrg1","0","0","0","0","1","0","0","0","1","1"
"MIRT014264","mmu","mmu","mmu-miR-181a-5p","Gpr17","0","0","0","0","1","0","0","0","1","1"
"MIRT014084","mmu","mmu","mmu-miR-181a-5p","AK010878","0","0","0","0","1","0","0","0","1","1"
"MIRT014434","mmu","mmu","mmu-miR-181a-5p","Trim2","0","0","0","0","1","0","0","0","1","2"
"MIRT014125","mmu","mmu","mmu-miR-181a-5p","Stk32a","0","0","0","0","1","0","0","0","1","2"
"MIRT733847","mmu","mmu","mmu-miR-181a-5p","Nlk","0","1","0","0","0","0","0","0","1","0"
"MIRT575088","mmu","mmu","hsa-miR-181a-5p","Ddit4","0","0","0","0","1","0","0","1","2","3"
"MIRT575950","mmu","mmu","hsa-miR-181a-5p","Unc5b","0","0","0","0","1","0","0","1","2","4"
"MIRT575087","mmu","mmu","hsa-miR-181b-5p","Ddit4","0","0","0","0","1","0","0","1","2","3"
"MIRT575949","mmu","mmu","hsa-miR-181b-5p","Unc5b","0","0","0","0","1","0","0","1","2","4"
"MIRT575086","mmu","mmu","hsa-miR-181c-5p","Ddit4","0","0","0","0","1","0","0","1","2","3"
"MIRT575948","mmu","mmu","hsa-miR-181c-5p","Unc5b","0","0","0","0","1","0","0","1","2","4"
"MIRT006845","mmu","mmu","hsa-miR-181c-5p","Tnf","1","1","1","0","0","0","0","0","3","1"
"MIRT576029","mmu","mmu","hsa-miR-181a-3p","Vmp1","0","0","0","0","1","0","0","1","2","9"
"MIRT736265","mmu","mmu","hsa-miR-181a-3p","TFAP2A","0","0","0","0","1","0","0","0","1","0"
"MIRT006312","mmu","mmu","mmu-miR-181b-5p","Cbx7","1","0","0","0","1","0","0","0","2","1"
"MIRT584602","mmu","mmu","mmu-miR-181b-5p","","0","0","0","0","1","0","0","0","1","3"
"MIRT584878","mmu","mmu","mmu-miR-181b-5p","Ap1g1","0","0","0","0","1","0","0","0","1","1"
"MIRT591489","mmu","mmu","mmu-miR-181b-5p","Aqp3","0","0","0","0","1","0","0","0","1","2"
"MIRT590593","mmu","mmu","mmu-miR-181b-5p","Atp2a2","0","0","0","0","1","0","0","0","1","1"
"MIRT594983","mmu","mmu","mmu-miR-181b-5p","Ebf3","0","0","0","0","1","0","0","0","1","1"
"MIRT598728","mmu","mmu","mmu-miR-181b-5p","H2-D1","0","0","0","0","1","0","0","0","1","1"
"MIRT578325","mmu","mmu","mmu-miR-181b-5p","Magea5","0","0","0","0","1","0","0","0","1","1"
"MIRT589131","mmu","mmu","mmu-miR-181b-5p","Rad51d","0","0","0","0","1","0","0","0","1","1"
"MIRT577184","mmu","mmu","mmu-miR-181b-5p","Smarca4","0","0","0","0","1","0","0","0","1","5"
"MIRT580762","mmu","mmu","mmu-miR-181b-5p","Spp1","0","0","0","0","1","0","0","0","1","1"
"MIRT577425","mmu","mmu","mmu-miR-181b-5p","Tulp3","0","0","0","0","1","0","0","0","1","1"
"MIRT589794","mmu","mmu","mmu-miR-181b-5p","Ikzf2","0","0","0","0","1","0","0","0","1","2"
"MIRT591186","mmu","mmu","mmu-miR-181b-5p","Ms4a4c","0","0","0","0","1","0","0","0","1","3"
"MIRT594856","mmu","mmu","mmu-miR-181b-5p","Nacc1","0","0","0","0","1","0","0","0","1","1"
"MIRT582656","mmu","mmu","mmu-miR-181b-5p","Lnp","0","0","0","0","1","0","0","0","1","2"
"MIRT596592","mmu","mmu","mmu-miR-181b-5p","Zfp689","0","0","0","0","1","0","0","0","1","1"
"MIRT582047","mmu","mmu","mmu-miR-181b-5p","Osbpl3","0","0","0","0","1","0","0","0","1","1"
"MIRT600002","mmu","mmu","mmu-miR-181b-5p","4930563E22Rik","0","0","0","0","1","0","0","0","1","1"
"MIRT583691","mmu","mmu","mmu-miR-181b-5p","Fam122b","0","0","0","0","1","0","0","0","1","1"
"MIRT588616","mmu","mmu","mmu-miR-181b-5p","Trim2","0","0","0","0","1","0","0","0","1","1"
"MIRT581071","mmu","mmu","mmu-miR-181b-5p","Sgpp1","0","0","0","0","1","0","0","0","1","1"
"MIRT605134","mmu","mmu","mmu-miR-181b-5p","Clmn","0","0","0","0","1","0","0","0","1","1"
"MIRT592858","mmu","mmu","mmu-miR-181b-5p","Adamts9","0","0","0","0","1","0","0","0","1","2"
"MIRT598537","mmu","mmu","mmu-miR-181b-5p","Itpk1","0","0","0","0","1","0","0","0","1","1"
"MIRT583661","mmu","mmu","mmu-miR-181b-5p","Fam160b2","0","0","0","0","1","0","0","0","1","5"
"MIRT587223","mmu","mmu","mmu-miR-181b-5p","Fam69c","0","0","0","0","1","0","0","0","1","1"
"MIRT584580","mmu","mmu","mmu-miR-181b-5p","Bnc2","0","0","0","0","1","0","0","0","1","1"
"MIRT586224","mmu","mmu","mmu-miR-181b-5p","Ptchd2","0","0","0","0","1","0","0","0","1","2"
"MIRT580671","mmu","mmu","mmu-miR-181b-5p","Stk32a","0","0","0","0","1","0","0","0","1","1"
"MIRT606009","mmu","mmu","mmu-miR-181b-5p","Dagla","0","0","0","0","1","0","0","0","1","1"
"MIRT603966","mmu","mmu","mmu-miR-181b-5p","Gpd1l","0","0","0","0","1","0","0","0","1","1"
"MIRT579346","mmu","mmu","mmu-miR-181b-5p","Arhgef15","0","0","0","0","1","0","0","0","1","4"
"MIRT438370","mmu","mmu","mmu-miR-181b-5p","SIX2","1","1","1","0","0","0","0","0","3","1"
"MIRT005296","mmu","mmu","mmu-miR-181b-5p","Aicda","1","1","1","1","0","0","1","0","5","1"
"MIRT438687","mmu","mmu","mmu-miR-181b-5p","Hspa5","1","1","1","0","0","0","0","0","3","1"
"MIRT004755","mmu","mmu","mmu-miR-181b-5p","Timp3","1","1","1","0","0","0","1","0","4","1"
"MIRT438688","mmu","mmu","mmu-miR-181b-5p","Uchl1","1","1","1","0","0","0","0","0","3","1"
"MIRT005301","mmu","mmu","mmu-miR-181b-5p","Ak4","0","0","0","1","0","0","1","0","2","1"
"MIRT005314","mmu","mmu","mmu-miR-181b-5p","Atp5g1","0","0","0","1","0","0","1","0","2","1"
"MIRT005315","mmu","mmu","mmu-miR-181b-5p","Casp3","0","0","0","1","0","0","1","0","2","1"
"MIRT005306","mmu","mmu","mmu-miR-181b-5p","Gch1","0","0","0","1","0","0","1","0","2","1"
"MIRT005308","mmu","mmu","mmu-miR-181b-5p","Hk2","0","0","0","1","0","0","1","0","2","1"
"MIRT005309","mmu","mmu","mmu-miR-181b-5p","Mxi1","0","0","0","1","0","0","1","0","2","1"
"MIRT005302","mmu","mmu","mmu-miR-181b-5p","Ndrg1","0","0","0","1","0","0","1","0","2","1"
"MIRT005305","mmu","mmu","mmu-miR-181b-5p","Cd244","0","0","0","1","0","0","1","0","2","1"
"MIRT005318","mmu","mmu","mmu-miR-181b-5p","Higd1a","0","0","0","1","0","0","1","0","2","1"
"MIRT005313","mmu","mmu","mmu-miR-181b-5p","Pdxp","0","0","0","1","0","0","1","0","2","1"
"MIRT005311","mmu","mmu","mmu-miR-181b-5p","Sc4mol","0","0","0","1","0","0","1","0","2","1"
"MIRT005316","mmu","mmu","mmu-miR-181b-5p","Ulk3","0","0","0","1","0","0","1","0","2","1"
"MIRT005303","mmu","mmu","mmu-miR-181b-5p","Pitpnc1","0","0","0","1","0","0","1","0","2","1"
"MIRT005307","mmu","mmu","mmu-miR-181b-5p","Errfi1","0","0","0","1","0","0","1","0","2","1"
"MIRT005304","mmu","mmu","mmu-miR-181b-5p","Tmem14a","0","0","0","1","0","0","1","0","2","1"
"MIRT005300","mmu","mmu","mmu-miR-181b-5p","Slc35d3","0","0","0","1","0","0","1","0","2","1"
"MIRT005317","mmu","mmu","mmu-miR-181b-5p","Snx25","0","0","0","1","0","0","1","0","2","1"
"MIRT005312","mmu","mmu","mmu-miR-181b-5p","Pfkfb3","0","0","0","1","0","0","1","0","2","1"
"MIRT005310","mmu","mmu","mmu-miR-181b-5p","Ccdc58","0","0","0","1","0","0","1","0","2","1"
"MIRT584603","mmu","mmu","mmu-miR-181c-5p","","0","0","0","0","1","0","0","0","1","3"
"MIRT584879","mmu","mmu","mmu-miR-181c-5p","Ap1g1","0","0","0","0","1","0","0","0","1","1"
"MIRT591491","mmu","mmu","mmu-miR-181c-5p","Aqp3","0","0","0","0","1","0","0","0","1","2"
"MIRT590592","mmu","mmu","mmu-miR-181c-5p","Atp2a2","0","0","0","0","1","0","0","0","1","1"
"MIRT594984","mmu","mmu","mmu-miR-181c-5p","Ebf3","0","0","0","0","1","0","0","0","1","1"
"MIRT598731","mmu","mmu","mmu-miR-181c-5p","H2-D1","0","0","0","0","1","0","0","0","1","1"
"MIRT578327","mmu","mmu","mmu-miR-181c-5p","Magea5","0","0","0","0","1","0","0","0","1","1"
"MIRT589132","mmu","mmu","mmu-miR-181c-5p","Rad51d","0","0","0","0","1","0","0","0","1","1"
"MIRT577181","mmu","mmu","mmu-miR-181c-5p","Smarca4","0","0","0","0","1","0","0","0","1","5"
"MIRT580760","mmu","mmu","mmu-miR-181c-5p","Spp1","0","0","0","0","1","0","0","0","1","1"
"MIRT577427","mmu","mmu","mmu-miR-181c-5p","Tulp3","0","0","0","0","1","0","0","0","1","1"
"MIRT589793","mmu","mmu","mmu-miR-181c-5p","Ikzf2","0","0","0","0","1","0","0","0","1","2"
"MIRT591189","mmu","mmu","mmu-miR-181c-5p","Ms4a4c","0","0","0","0","1","0","0","0","1","3"
"MIRT594855","mmu","mmu","mmu-miR-181c-5p","Nacc1","0","0","0","0","1","0","0","0","1","1"
"MIRT582657","mmu","mmu","mmu-miR-181c-5p","Lnp","0","0","0","0","1","0","0","0","1","2"
"MIRT596593","mmu","mmu","mmu-miR-181c-5p","Zfp689","0","0","0","0","1","0","0","0","1","1"
"MIRT582049","mmu","mmu","mmu-miR-181c-5p","Osbpl3","0","0","0","0","1","0","0","0","1","1"
"MIRT600001","mmu","mmu","mmu-miR-181c-5p","4930563E22Rik","0","0","0","0","1","0","0","0","1","1"
"MIRT583693","mmu","mmu","mmu-miR-181c-5p","Fam122b","0","0","0","0","1","0","0","0","1","1"
"MIRT588615","mmu","mmu","mmu-miR-181c-5p","Trim2","0","0","0","0","1","0","0","0","1","1"
"MIRT581069","mmu","mmu","mmu-miR-181c-5p","Sgpp1","0","0","0","0","1","0","0","0","1","1"
"MIRT605135","mmu","mmu","mmu-miR-181c-5p","Clmn","0","0","0","0","1","0","0","0","1","1"
"MIRT592860","mmu","mmu","mmu-miR-181c-5p","Adamts9","0","0","0","0","1","0","0","0","1","2"
"MIRT598538","mmu","mmu","mmu-miR-181c-5p","Itpk1","0","0","0","0","1","0","0","0","1","1"
"MIRT583660","mmu","mmu","mmu-miR-181c-5p","Fam160b2","0","0","0","0","1","0","0","0","1","5"
"MIRT587221","mmu","mmu","mmu-miR-181c-5p","Fam69c","0","0","0","0","1","0","0","0","1","1"
"MIRT584579","mmu","mmu","mmu-miR-181c-5p","Bnc2","0","0","0","0","1","0","0","0","1","1"
"MIRT586227","mmu","mmu","mmu-miR-181c-5p","Ptchd2","0","0","0","0","1","0","0","0","1","2"
"MIRT580669","mmu","mmu","mmu-miR-181c-5p","Stk32a","0","0","0","0","1","0","0","0","1","1"
"MIRT606010","mmu","mmu","mmu-miR-181c-5p","Dagla","0","0","0","0","1","0","0","0","1","1"
"MIRT603965","mmu","mmu","mmu-miR-181c-5p","Gpd1l","0","0","0","0","1","0","0","0","1","1"
"MIRT579347","mmu","mmu","mmu-miR-181c-5p","Arhgef15","0","0","0","0","1","0","0","0","1","4"
"MIRT575084","mmu","mmu","hsa-miR-181d-5p","Ddit4","0","0","0","0","1","0","0","1","2","3"
"MIRT575947","mmu","mmu","hsa-miR-181d-5p","Unc5b","0","0","0","0","1","0","0","1","2","4"
"MIRT584605","mmu","mmu","mmu-miR-181d-5p","","0","0","0","0","1","0","0","0","1","3"
"MIRT584881","mmu","mmu","mmu-miR-181d-5p","Ap1g1","0","0","0","0","1","0","0","0","1","1"
"MIRT591490","mmu","mmu","mmu-miR-181d-5p","Aqp3","0","0","0","0","1","0","0","0","1","2"
"MIRT590591","mmu","mmu","mmu-miR-181d-5p","Atp2a2","0","0","0","0","1","0","0","0","1","1"
"MIRT594985","mmu","mmu","mmu-miR-181d-5p","Ebf3","0","0","0","0","1","0","0","0","1","1"
"MIRT598730","mmu","mmu","mmu-miR-181d-5p","H2-D1","0","0","0","0","1","0","0","0","1","1"
"MIRT578324","mmu","mmu","mmu-miR-181d-5p","Magea5","0","0","0","0","1","0","0","0","1","1"
"MIRT589134","mmu","mmu","mmu-miR-181d-5p","Rad51d","0","0","0","0","1","0","0","0","1","1"
"MIRT577183","mmu","mmu","mmu-miR-181d-5p","Smarca4","0","0","0","0","1","0","0","0","1","5"
"MIRT580763","mmu","mmu","mmu-miR-181d-5p","Spp1","0","0","0","0","1","0","0","0","1","1"
"MIRT577428","mmu","mmu","mmu-miR-181d-5p","Tulp3","0","0","0","0","1","0","0","0","1","1"
"MIRT589792","mmu","mmu","mmu-miR-181d-5p","Ikzf2","0","0","0","0","1","0","0","0","1","2"
"MIRT591187","mmu","mmu","mmu-miR-181d-5p","Ms4a4c","0","0","0","0","1","0","0","0","1","3"
"MIRT594858","mmu","mmu","mmu-miR-181d-5p","Nacc1","0","0","0","0","1","0","0","0","1","1"
"MIRT582658","mmu","mmu","mmu-miR-181d-5p","Lnp","0","0","0","0","1","0","0","0","1","2"
"MIRT596594","mmu","mmu","mmu-miR-181d-5p","Zfp689","0","0","0","0","1","0","0","0","1","1"
"MIRT582048","mmu","mmu","mmu-miR-181d-5p","Osbpl3","0","0","0","0","1","0","0","0","1","1"
"MIRT600003","mmu","mmu","mmu-miR-181d-5p","4930563E22Rik","0","0","0","0","1","0","0","0","1","1"
"MIRT583692","mmu","mmu","mmu-miR-181d-5p","Fam122b","0","0","0","0","1","0","0","0","1","1"
"MIRT588614","mmu","mmu","mmu-miR-181d-5p","Trim2","0","0","0","0","1","0","0","0","1","1"
"MIRT581070","mmu","mmu","mmu-miR-181d-5p","Sgpp1","0","0","0","0","1","0","0","0","1","1"
"MIRT605133","mmu","mmu","mmu-miR-181d-5p","Clmn","0","0","0","0","1","0","0","0","1","1"
"MIRT592859","mmu","mmu","mmu-miR-181d-5p","Adamts9","0","0","0","0","1","0","0","0","1","2"
"MIRT598535","mmu","mmu","mmu-miR-181d-5p","Itpk1","0","0","0","0","1","0","0","0","1","1"
"MIRT583659","mmu","mmu","mmu-miR-181d-5p","Fam160b2","0","0","0","0","1","0","0","0","1","5"
"MIRT587220","mmu","mmu","mmu-miR-181d-5p","Fam69c","0","0","0","0","1","0","0","0","1","1"
"MIRT584581","mmu","mmu","mmu-miR-181d-5p","Bnc2","0","0","0","0","1","0","0","0","1","1"
"MIRT586225","mmu","mmu","mmu-miR-181d-5p","Ptchd2","0","0","0","0","1","0","0","0","1","2"
"MIRT580670","mmu","mmu","mmu-miR-181d-5p","Stk32a","0","0","0","0","1","0","0","0","1","1"
"MIRT606011","mmu","mmu","mmu-miR-181d-5p","Dagla","0","0","0","0","1","0","0","0","1","1"
"MIRT603964","mmu","mmu","mmu-miR-181d-5p","Gpd1l","0","0","0","0","1","0","0","0","1","1"
"MIRT579348","mmu","mmu","mmu-miR-181d-5p","Arhgef15","0","0","0","0","1","0","0","0","1","4"
"MIRT438767","mmu","mmu","mmu-miR-181d-5p","Runx1","0","1","1","1","0","0","0","0","3","1"
"MIRT575508","mmu","mmu","hsa-miR-181a-2-3p","","0","0","0","0","1","0","0","0","1","1"
"MIRT733376","mmu","mmu","mmu-miR-181a-2-3p","Mdm4","0","0","1","0","0","0","0","0","1","0"
"MIRT733375","mmu","mmu","mmu-miR-181a-2-3p","Erc1","0","0","1","0","0","0","0","0","1","0"
"MIRT733081","mmu","mmu","mmu-miR-181c-3p","Micu1","0","1","1","0","1","0","0","0","3","0"
